-- phpMyAdmin SQL Dump
-- version 3.2.0.1
-- http://www.phpmyadmin.net
--
-- Serveur: localhost
-- Généré le : Lun 29 Octobre 2012 à 11:24
-- Version du serveur: 5.1.36
-- Version de PHP: 5.3.0

SET SQL_MODE="NO_AUTO_VALUE_ON_ZERO";

--
-- Base de données: `my-backend`
--

GRANT USAGE ON * . * TO 'karuta'@'localhost' IDENTIFIED BY 'karuta_password' WITH MAX_QUERIES_PER_HOUR 0 MAX_CONNECTIONS_PER_HOUR 0 MAX_UPDATES_PER_HOUR 0 MAX_USER_CONNECTIONS 0 ;

CREATE DATABASE IF NOT EXISTS `karuta-backend` ;

GRANT ALL PRIVILEGES ON `karuta-backend` . * TO 'karuta'@'localhost';


USE `karuta-backend` ;

-- Server Script (source: http://bugs.mysql.com/bug.php?id=1214)
delimiter //

DROP FUNCTION IF EXISTS `uuid2bin`//
DROP FUNCTION IF EXISTS `bin2uuid`//

CREATE FUNCTION uuid2bin(uuid CHAR(36)) RETURNS BINARY(16) DETERMINISTIC
BEGIN
  RETURN UNHEX(REPLACE(uuid, '-',''));
END//

CREATE FUNCTION bin2uuid(bin BINARY(16)) RETURNS CHAR(36) DETERMINISTIC
BEGIN
  DECLARE hex CHAR(32);

  SET hex = HEX(bin);

  RETURN LOWER(CONCAT(LEFT(hex, 8),'-',
                      SUBSTR(hex, 9,4),'-',
                      SUBSTR(hex,13,4),'-',
                      SUBSTR(hex,17,4),'-',
                      RIGHT(hex, 12)
                          ));
END//

delimiter ;

-- --------------------------------------------------------

--
-- Structure de la table `log`
--
CREATE TABLE IF NOT EXISTS `log_table` (
  `log_id` int(12) NOT NULL AUTO_INCREMENT,
  `log_date` datetime NOT NULL,
  `log_url` varchar(255) COLLATE utf8_unicode_ci NOT NULL,
  `log_method` varchar(50) COLLATE utf8_unicode_ci NOT NULL,
  `log_headers` text COLLATE utf8_unicode_ci NOT NULL,
  `log_in_body` text COLLATE utf8_unicode_ci,
  `log_out_body` text COLLATE utf8_unicode_ci,
  `log_code` int(12) NOT NULL,
  PRIMARY KEY (`log_id`)
) ENGINE=MyISAM DEFAULT CHARSET=utf8 COLLATE=utf8_unicode_ci;

--
-- Contenu de la table `log`
--


-- --------------------------------------------------------

--
-- Structure de la table `node`
--

CREATE TABLE IF NOT EXISTS `node` (
  `node_uuid` binary(16) NOT NULL,
  `node_parent_uuid` binary(16) DEFAULT NULL,
  `node_children_uuid` text COLLATE utf8_unicode_ci,
  `node_order` int(12) NOT NULL,
  `metadata` text COLLATE utf8_unicode_ci NOT NULL,
  `metadata_wad` text COLLATE utf8_unicode_ci NOT NULL,
  `metadata_epm` text COLLATE utf8_unicode_ci NOT NULL,
  `res_node_uuid` binary(16) DEFAULT NULL,
  `res_res_node_uuid` binary(16) DEFAULT NULL,
  `res_context_node_uuid` binary(16) DEFAULT NULL,
  `shared_res` int(1) NOT NULL,
  `shared_node` int(1) NOT NULL,
  `shared_node_res` int(1) NOT NULL,
  `shared_res_uuid` binary(16) DEFAULT NULL,
  `shared_node_uuid` binary(16) DEFAULT NULL,
  `shared_node_res_uuid` binary(16) DEFAULT NULL,
  `asm_type` varchar(50) COLLATE utf8_unicode_ci DEFAULT NULL,
  `xsi_type` varchar(50) COLLATE utf8_unicode_ci DEFAULT NULL,
  `semtag` varchar(250) COLLATE utf8_unicode_ci DEFAULT NULL,
  `semantictag` varchar(250) COLLATE utf8_unicode_ci DEFAULT NULL,
  `label` varchar(250) COLLATE utf8_unicode_ci DEFAULT NULL,
  `code` varchar(255) COLLATE utf8_unicode_ci DEFAULT NULL,
  `descr` varchar(250) COLLATE utf8_unicode_ci DEFAULT NULL,
  `format` varchar(30) COLLATE utf8_unicode_ci DEFAULT NULL,
  `modif_user_id` int(12) NOT NULL,
  `modif_date` timestamp NULL DEFAULT NULL,
  `portfolio_id` binary(16) DEFAULT NULL,
  PRIMARY KEY (`node_uuid`),
  KEY `portfolio_id` (`portfolio_id`),
  KEY `node_parent_uuid` (`node_parent_uuid`),
  KEY `node_order` (`node_order`),
  KEY `asm_type` (`asm_type`),
  KEY `res_node_uuid` (`res_node_uuid`),
  KEY `res_res_node_uuid` (`res_res_node_uuid`),
  KEY `res_context_node_uuid` (`res_context_node_uuid`)
) ENGINE=MyISAM DEFAULT CHARSET=utf8 COLLATE=utf8_unicode_ci;

--
-- Contenu de la table `node`
--


-- --------------------------------------------------------

--
-- Structure de la table `portfolio`
--

CREATE TABLE IF NOT EXISTS `portfolio` (
  `portfolio_id` binary(16) NOT NULL,
  `root_node_uuid` binary(16) DEFAULT NULL,
  `user_id` int(12) NOT NULL,
  `model_id` binary(16) DEFAULT NULL,
  `modif_user_id` int(12) NOT NULL,
  `modif_date` timestamp NULL DEFAULT NULL,
  `active` int(1) NOT NULL DEFAULT '1',
  PRIMARY KEY (`portfolio_id`),
  KEY `root_node_uuid` (`root_node_uuid`)
) ENGINE=MyISAM DEFAULT CHARSET=utf8 COLLATE=utf8_unicode_ci;

--
-- Contenu de la table `portfolio`
--


-- --------------------------------------------------------

--
-- Structure de la table `resource`
--

CREATE TABLE IF NOT EXISTS `resource_table` (
  `node_uuid` binary(16) NOT NULL,
  `xsi_type` varchar(50) COLLATE utf8_unicode_ci DEFAULT NULL,
  `content` text COLLATE utf8_unicode_ci,
  `user_id` int(11) DEFAULT NULL,
  `modif_user_id` int(12) NOT NULL,
  `modif_date` timestamp NULL DEFAULT NULL,
  PRIMARY KEY (`node_uuid`),
  FULLTEXT KEY `content` (`content`)
) ENGINE=MyISAM DEFAULT CHARSET=utf8 COLLATE=utf8_unicode_ci;

--
-- Contenu de la table `resource`
--

-- SECURITE



-- Credentials
CREATE TABLE IF NOT EXISTS `credential` (
  `userid` bigint(20) NOT NULL AUTO_INCREMENT,
  `login` varchar(255) COLLATE utf8_unicode_ci NOT NULL,
  `can_substitute` int(11) NOT NULL DEFAULT '0',
  `is_admin` int(11) NOT NULL DEFAULT '0',
  `is_designer` int(11) NOT NULL DEFAULT '0',
  `active` int(11) NOT NULL DEFAULT '1',
  `display_firstname` varchar(255) COLLATE utf8_unicode_ci NOT NULL,
  `display_lastname` varchar(255) COLLATE utf8_unicode_ci NOT NULL,
  `email` varchar(255) COLLATE utf8_unicode_ci DEFAULT NULL,
  `password` binary(20) NOT NULL,
  `token` varchar(255) COLLATE utf8_unicode_ci DEFAULT NULL,
  `c_date` bigint(20) DEFAULT NULL,
  PRIMARY KEY (`userid`),
  UNIQUE KEY `login` (`login`)
) ENGINE=MyISAM AUTO_INCREMENT=2 DEFAULT CHARSET=utf8 COLLATE=utf8_unicode_ci;

-- credential_substitution
CREATE TABLE IF NOT EXISTS `credential_substitution` (
  `userid` bigint(20) NOT NULL,
  `id` bigint(20) NOT NULL,
  `type` enum('USER','GROUP') COLLATE utf8_unicode_ci NOT NULL DEFAULT 'USER',
  PRIMARY KEY (`userid`,`id`,`type`)
) ENGINE=MyISAM DEFAULT CHARSET=utf8 COLLATE=utf8_unicode_ci;

-- credential_group
CREATE TABLE IF NOT EXISTS `credential_group` (
  `cg` bigint(20) NOT NULL,
  PRIMARY KEY (`cg`)
) ENGINE=MyISAM DEFAULT CHARSET=utf8 COLLATE=utf8_unicode_ci;

-- credential_group_members
CREATE TABLE IF NOT EXISTS `credential_group_members` (
  `cg` bigint(20) NOT NULL,
  `userid` bigint(20) NOT NULL,
  PRIMARY KEY (`cg`,`userid`)
) ENGINE=MyISAM DEFAULT CHARSET=utf8 COLLATE=utf8_unicode_ci;

-- portfolio_group_members
CREATE TABLE IF NOT EXISTS `portfolio_group_members` (
  `pg` bigint(20) NOT NULL,
  `portfolio_id` binary(16) NOT NULL DEFAULT '\0\0\0\0\0\0\0\0\0\0\0\0\0\0\0\0',
  PRIMARY KEY (`pg`,`portfolio_id`)
) ENGINE=MyISAM DEFAULT CHARSET=utf8 COLLATE=utf8_unicode_ci;

-- password = UNHEX(SHA1('password'))

-- Group Rights Info
-- change_rights when we give this group the possibility to change rights in other group at the same level
CREATE TABLE IF NOT EXISTS `group_right_info` (
  `grid` bigint(20) NOT NULL AUTO_INCREMENT,
  `owner` bigint(20) NOT NULL,
  `label` varchar(255) COLLATE utf8_unicode_ci NOT NULL DEFAULT 'Nouveau groupe',
  `change_rights` tinyint(1) NOT NULL DEFAULT '0',
  `portfolio_id` binary(16) DEFAULT NULL,
  PRIMARY KEY (`grid`)
) ENGINE=MyISAM AUTO_INCREMENT=3 DEFAULT CHARSET=utf8 COLLATE=utf8_unicode_ci;

-- Droit et groupe
CREATE TABLE IF NOT EXISTS `group_rights` (
  `grid` bigint(20) NOT NULL,
  `id` binary(16) NOT NULL,
  `RD` tinyint(1) NOT NULL DEFAULT '1',
  `WR` tinyint(1) NOT NULL DEFAULT '0',
  `DL` tinyint(1) NOT NULL DEFAULT '0',
  `SB` tinyint(1) NOT NULL DEFAULT '0',
  `AD` tinyint(1) NOT NULL DEFAULT '0',
  `types_id` text COLLATE utf8_unicode_ci,
  `rules_id` text COLLATE utf8_unicode_ci,
  `notify_roles` text COLLATE utf8_unicode_ci,
  PRIMARY KEY (`grid`,`id`)
) ENGINE=MyISAM DEFAULT CHARSET=utf8 COLLATE=utf8_unicode_ci;

-- Group Info
CREATE TABLE IF NOT EXISTS `group_info` (
  `gid` bigint(20) NOT NULL AUTO_INCREMENT,
  `grid` bigint(20) DEFAULT NULL,
  `owner` bigint(20) NOT NULL,
  `label` varchar(255) COLLATE utf8_unicode_ci NOT NULL DEFAULT 'Nouveau groupe',
  PRIMARY KEY (`gid`)
) ENGINE=MyISAM AUTO_INCREMENT=3 DEFAULT CHARSET=utf8 COLLATE=utf8_unicode_ci;

CREATE TABLE IF NOT EXISTS `complete_share` (
  `userid` bigint(20) NOT NULL,
  `portfolio_id` binary(16) NOT NULL,
  PRIMARY KEY (`userid`,`portfolio_id`)
) ENGINE=MyISAM DEFAULT CHARSET=utf8 COLLATE=utf8_unicode_ci;

-- Group with users
CREATE TABLE IF NOT EXISTS `group_user` (
  `gid` bigint(20) NOT NULL,
  `userid` bigint(20) NOT NULL,
  PRIMARY KEY (`gid`,`userid`)
) ENGINE=MyISAM DEFAULT CHARSET=utf8 COLLATE=utf8_unicode_ci;

-- Group with groups
CREATE TABLE IF NOT EXISTS `group_group` (
  `gid` bigint(20) NOT NULL,
  `child_gid` bigint(20) NOT NULL,
  PRIMARY KEY (`gid`,`child_gid`)
) ENGINE=MyISAM DEFAULT CHARSET=utf8 COLLATE=utf8_unicode_ci;

-- Annotation
CREATE TABLE IF NOT EXISTS `annotation` (
  `nodeid` binary(16) NOT NULL,
  `rank` int(11) NOT NULL,
  `text` text COLLATE utf8_unicode_ci,
  `c_date` timestamp NOT NULL DEFAULT CURRENT_TIMESTAMP,
  `a_user` varchar(255) COLLATE utf8_unicode_ci NOT NULL,
  `wad_identifier` varchar(45) COLLATE utf8_unicode_ci DEFAULT NULL,
  PRIMARY KEY (`nodeid`,`rank`)
) ENGINE=MyISAM DEFAULT CHARSET=utf8 COLLATE=utf8_unicode_ci;
--

-- Portfolio group
CREATE TABLE IF NOT EXISTS `portfolio_group` (
  `owner` bigint(20) NOT NULL,
  `portfolio_id` binary(16) NOT NULL,
  `group_name` varchar(255) COLLATE utf8_unicode_ci NOT NULL,
  PRIMARY KEY (`portfolio_id`,`group_name`)
) ENGINE=MyISAM DEFAULT CHARSET=utf8 COLLATE=utf8_unicode_ci;
--


-- Data
-- DEFAULT uuid2bin(UUID()) for id?, owner: uid from credential
CREATE TABLE IF NOT EXISTS `data_table` (
  `id` binary(16) NOT NULL,
  `owner` bigint(20) NOT NULL,
  `creator` bigint(20) NOT NULL,
  `type` varchar(255) COLLATE utf8_unicode_ci NOT NULL,
  `mimetype` varchar(255) COLLATE utf8_unicode_ci DEFAULT NULL,
  `filename` varchar(255) COLLATE utf8_unicode_ci DEFAULT NULL,
  `c_date` bigint(20) DEFAULT NULL,
  `data` blob,
  PRIMARY KEY (`id`)
) ENGINE=MyISAM DEFAULT CHARSET=utf8 COLLATE=utf8_unicode_ci;

--


INSERT IGNORE INTO `credential` VALUES (1, 'root', 0, 1, 0, 1, 'root', '', NULL, UNHEX(SHA1('mati')), NULL, NULL);
INSERT IGNORE INTO `credential` VALUES (2, 'public', 0, 0, 0, 1, 'Public account', '', NULL, UNHEX(SHA1('public')), NULL, NULL);

INSERT INTO `group_info` VALUES (1,1,1,'all'),(2,2,1,'designer');

INSERT INTO `group_right_info` VALUES (1,1,'all',0,0x7402B09591254AD19E47035705A0A59E),(2,1,'designer',0,0x7402B09591254AD19E47035705A0A59E);
INSERT INTO `group_rights` VALUES (1,0x9486EC6B355E480285C3E9EDCBCB67AC,1,0,0,0,0,NULL,NULL,NULL),(1,0xCCE6C04B0DC94723BEB7C46D76BDDCDE,1,0,0,0,0,NULL,NULL,NULL),(1,0x578950760D504E5E94E79A295031660A,1,0,0,0,0,NULL,NULL,NULL),(1,0xF74AEB5A22A141AB91037CEDAFE8B513,1,0,0,0,0,NULL,NULL,NULL),(1,0x3EF063AC3B414100BB419EF2423C8908,1,0,0,0,0,NULL,NULL,NULL),(1,0x2E88C91BA15B4EF9BF1DE5F711238294,1,0,0,0,0,NULL,NULL,NULL),(1,0x18EA8A75867D4AEF8E4B856DE973BD00,1,0,0,0,0,NULL,NULL,NULL),(1,0x858B5B090DC544D39F2A8162A82F7A83,1,0,0,0,0,NULL,NULL,NULL),(1,0xD33138E6DB3D40C2AF95788F6E67FA1A,1,0,0,0,0,NULL,NULL,NULL),(1,0x0EC045DFF1924499BBEA4B73734A31E3,1,0,0,0,0,NULL,NULL,NULL),(1,0x171FF509BA534AE8988964EAC33545F3,1,0,0,0,0,NULL,NULL,NULL),(1,0x9930FA4BB7BF4580992C29A21E28BBE0,1,0,0,0,0,NULL,NULL,NULL),(1,0xEF9D1A303F5141108E20C217BD6C8011,1,0,0,0,0,NULL,NULL,NULL),(1,0x18C3C4A37FB84C41831AE0A285ECA6A5,1,0,0,0,0,NULL,NULL,NULL),(1,0x3B49144C79E442148FB9B327A37ACAB8,1,0,0,0,0,NULL,NULL,NULL),(1,0x7CCDD524873349869964B3C3DA8C36DB,1,0,0,0,0,NULL,NULL,NULL),(1,0x784053D800ED4A71807A6FB2921EF39D,1,0,0,0,0,NULL,NULL,NULL),(1,0x9005774C598A4E94A70660461F5D30EB,1,0,0,0,0,NULL,NULL,NULL),(1,0x5C685DB9031D477482D2F867457B7A12,1,0,0,0,0,NULL,NULL,NULL),(1,0xF697AB808535418796A2FA9EE98E2B7B,1,0,0,0,0,NULL,NULL,NULL),(1,0xC404DAFD6FD14D21A03F424E58EA7B3C,1,0,0,0,0,NULL,NULL,NULL),(1,0x2C26BEEC7D2445EF903DB69C0C8474AE,1,0,0,0,0,NULL,NULL,NULL),(1,0x0EAED1A3A1DE4F98AEB2E08C33F364C9,1,0,0,0,0,NULL,NULL,NULL),(1,0x6A77D35CDE8C4A8987583B22FB015757,1,0,0,0,0,NULL,NULL,NULL),(1,0xE3084EDA2C1E41759715D75EB5068D74,1,0,0,0,0,NULL,NULL,NULL),(1,0xCA042ED9F51B406E8BD3F3B0AF3C6B4F,1,0,0,0,0,NULL,NULL,NULL),(1,0x08EC8D5C8AAE4DCB8214BB0E5A31CC81,1,0,0,0,0,NULL,NULL,NULL),(1,0x399FE99B8B6E41D8AFE21FBC7B1B67A5,1,0,0,0,0,NULL,NULL,NULL),(1,0x1213C08A09D543BDBD41796C9AAD3A91,1,0,0,0,0,NULL,NULL,NULL),(1,0xA0B42FCADE3D4641A2B28221D0A5C879,1,0,0,0,0,NULL,NULL,NULL),(1,0x4F17CF9AB7FF486197193ACD98D4D6F5,1,0,0,0,0,NULL,NULL,NULL),(1,0x4700A49A503846A3B146476D80CAAA06,1,0,0,0,0,NULL,NULL,NULL),(1,0x732487C7B9CB4F93BD67716C906FAE89,1,0,0,0,0,NULL,NULL,NULL),(1,0x3A91B29E16F5468CA73B4BB5A45DAA5F,1,0,0,0,0,NULL,NULL,NULL);

INSERT INTO `group_user` VALUES (2,1);

LOCK TABLES `node` WRITE;
INSERT INTO `node` VALUES (0xD8D07AFC0D3C4A7599E428F8846C7AA2,NULL,'58085cc0-0a70-4f79-9cbd-36b7b66716c1,5d835cf9-a136-487a-af76-785cfb164615,d19e630f-b07a-4bc0-88c4-e53be492a53d,1bec255d-8b70-4ac1-b1f8-1917c78d45d0,b48a262e-08e7-4601-9cad-b837427c4a7a,0c7eaa13-7b20-4354-a5ec-09457098933f,81f9a7df-f8f6-4e9f-92b8-9d88d0739e8d,135472a9-d3f4-408e-87ea-ce1ba1cec63c,60a3cd24-302e-4475-ae15-dc52d110e944,4f210112-9487-41d6-b657-575981631f64,8f903883-cc0a-49cb-a7b6-9a487410fe82,4a08243d-84eb-4673-8487-795dffa1c0b8,c6d0950d-5178-4648-9bfb-a523af2eed91,91929e7d-dddc-4c0b-9392-c4631fd26b16,7f20f040-3869-4c4a-996e-3c4cf2318adb,d5c116e4-0301-45de-a408-d26609689f72,929a0562-5548-4e14-bb10-61388476db20,86af67e3-9243-454f-b95a-42db3beeada2,74be5ae6-4410-4c19-aace-ca2323205e8c,a9131a94-ae80-4c30-97c7-18ac8227369f,35bae567-a038-4c8f-974d-49f1c38dddc6,3623eb56-f08c-4c19-9aee-b0bd76a595a2,e5a20ce6-54b6-442d-8711-d396318b761f,60160d40-74c3-4106-99da-d493b7af9dd0,a35b9a5b-44eb-4e12-8597-d43341a7c052,618b42f8-f944-4f74-93d0-89b06f63181a,bb414f55-09b9-4d10-9c5c-b66a11f98349,62e3b0cf-1d30-4ae1-b835-02d037d7fdc6,50cb9e54-154b-4f01-a230-e27033b25762,4fba9952-ebd1-45bc-b2a6-0759b4d3837d',0,'sharedNode=\"N\" sharedNodeResource=\"N\" ','seenoderoles=\"all\" ','',NULL,0x5965649395CD471E8D060B739892D0D4,0xFC1B5A2D630F40A88C99E78705EE25C6,0,0,0,NULL,NULL,NULL,'asmRoot','asmRoot',NULL,NULL,NULL,'_karuta_resources_',NULL,NULL,1,'2015-05-06 17:10:32',0x09029A01FC354265BACDCECE51DDA629),(0x58085CC00A704F799CBD36B7B66716C1,0xD8D07AFC0D3C4A7599E428F8846C7AA2,NULL,0,'multilingual-node=\"Y\" semantictag=\"asmStructure\" sharedNode=\"N\" sharedNodeResource=\"N\" ','seenoderoles=\"all\" ','',NULL,0x6447893FCA1A447E9A806CF944BD2E43,0x88DF7BBA5D8B46ECAF005150366C4AC8,0,0,0,NULL,NULL,NULL,'asmStructure','asmStructure',NULL,'asmStructure',NULL,NULL,NULL,NULL,1,'2015-05-06 17:10:32',0x09029A01FC354265BACDCECE51DDA629),(0x5D835CF9A136487AAF76785CFB164615,0xD8D07AFC0D3C4A7599E428F8846C7AA2,NULL,1,'multilingual-node=\"Y\" semantictag=\"asmUnit\" sharedNode=\"N\" sharedNodeResource=\"N\" ','seenoderoles=\"all\" ','',NULL,0x2540E6C42B574392A843B837617B90F5,0x4F86B04F78514AC7AC869F596059E06E,0,0,0,NULL,NULL,NULL,'asmUnit','asmUnit',NULL,'asmUnit',NULL,NULL,NULL,NULL,1,'2015-05-06 17:10:32',0x09029A01FC354265BACDCECE51DDA629),(0xD19E630FB07A4BC088C4E53BE492A53D,0xD8D07AFC0D3C4A7599E428F8846C7AA2,NULL,2,'multilingual-node=\"Y\" semantictag=\"asmUnitStructure\" sharedNode=\"N\" sharedNodeResource=\"N\" ','seenoderoles=\"all\" ','',NULL,0xBEE7D305350140068786CBCE3851D742,0x1A426B47A52043C4B05308D676C0B68D,0,0,0,NULL,NULL,NULL,'asmUnitStructure','asmUnitStructure',NULL,'asmUnitStructure',NULL,NULL,NULL,NULL,1,'2015-05-06 17:10:32',0x09029A01FC354265BACDCECE51DDA629),(0x1BEC255D8B704AC1B1F81917C78D45D0,0xD8D07AFC0D3C4A7599E428F8846C7AA2,NULL,3,'multilingual-node=\"Y\" semantictag=\"TextField\" sharedNode=\"N\" sharedNodeResource=\"N\" sharedResource=\"N\" ','seenoderoles=\"all\" ','',0x0AD701D6077B47129A0DDE24342F336F,0x9C6D9EB349474192A3AE94615DF462B9,0x61B477C8561D4F4889FE92252AD86AC2,0,0,0,NULL,NULL,NULL,'asmContext',NULL,NULL,'TextField',NULL,NULL,NULL,NULL,1,'2015-05-06 17:10:32',0x09029A01FC354265BACDCECE51DDA629),(0xB48A262E08E746019CADB837427C4A7A,0xD8D07AFC0D3C4A7599E428F8846C7AA2,NULL,4,'multilingual-node=\"Y\" semantictag=\"Field\" sharedNode=\"N\" sharedNodeResource=\"N\" sharedResource=\"N\" ','seenoderoles=\"all\" ','',0x4579BD6680C74960972E5995F8B66032,0xE001AD929542409AA2DF3517C5D46725,0xCDCCC762B8674B5A9F9A658932E0B696,0,0,0,NULL,NULL,NULL,'asmContext',NULL,NULL,'Field',NULL,NULL,NULL,NULL,1,'2015-05-06 17:10:33',0x09029A01FC354265BACDCECE51DDA629),(0x0C7EAA137B204354A5EC09457098933F,0xD8D07AFC0D3C4A7599E428F8846C7AA2,NULL,5,'multilingual-node=\"Y\" semantictag=\"Document\" sharedNode=\"N\" sharedNodeResource=\"N\" sharedResource=\"N\" ','seenoderoles=\"all\" ','',0x3E95BFC837AF43E2BBF61AE5D864714D,0x0E98C12A28A043D88A32D63421208F3F,0xAD477298195241719A6174C7848BBE61,0,0,0,NULL,NULL,NULL,'asmContext',NULL,NULL,'Document',NULL,NULL,NULL,NULL,1,'2015-05-06 17:10:33',0x09029A01FC354265BACDCECE51DDA629),(0x81F9A7DFF8F64E9F92B89D88D0739E8D,0xD8D07AFC0D3C4A7599E428F8846C7AA2,NULL,6,'multilingual-node=\"Y\" semantictag=\"Video\" sharedNode=\"N\" sharedNodeResource=\"N\" sharedResource=\"N\" ','seenoderoles=\"all\" ','',0xD479699D82BD4FA683D6B059960F0D9D,0xADA3EDD91DF24BCD81C7E6E14968F620,0x4ECDFDEE7E904988B9BA95D459732B6D,0,0,0,NULL,NULL,NULL,'asmContext',NULL,NULL,'Video',NULL,NULL,NULL,NULL,1,'2015-05-06 17:10:33',0x09029A01FC354265BACDCECE51DDA629),(0x135472A9D3F4408E87EACE1BA1CEC63C,0xD8D07AFC0D3C4A7599E428F8846C7AA2,NULL,7,'multilingual-node=\"Y\" semantictag=\"URL\" sharedNode=\"N\" sharedNodeResource=\"N\" sharedResource=\"N\" ','seenoderoles=\"all\" ','',0x1712C0583C2E442AAD06CBBC3F18845D,0x72352CCCB79B4F8B98C85EE4D0FA87C7,0x4575E32640D74F759FBF91E95384A904,0,0,0,NULL,NULL,NULL,'asmContext',NULL,NULL,'URL',NULL,NULL,NULL,NULL,1,'2015-05-06 17:10:33',0x09029A01FC354265BACDCECE51DDA629),(0x60A3CD24302E4475AE15DC52D110E944,0xD8D07AFC0D3C4A7599E428F8846C7AA2,NULL,8,'multilingual-node=\"Y\" semantictag=\"Oembed\" sharedNode=\"N\" sharedNodeResource=\"N\" sharedResource=\"N\" ','seenoderoles=\"all\" ','',0x4E998209C74F4C2FBC27B4EC218C7CC1,0xBD46ECE21E4B41089141E68F96844064,0x2C7765755D6D430F8BA419EE62A40672,0,0,0,NULL,NULL,NULL,'asmContext',NULL,NULL,'Oembed',NULL,NULL,NULL,NULL,1,'2015-05-06 17:10:33',0x09029A01FC354265BACDCECE51DDA629),(0x4F210112948741D6B657575981631F64,0xD8D07AFC0D3C4A7599E428F8846C7AA2,NULL,9,'multilingual-node=\"Y\" semantictag=\"Calendar\" sharedNode=\"N\" sharedNodeResource=\"N\" sharedResource=\"N\" ','seenoderoles=\"all\" ','',0x030BF43B55114DA090660488D63C003D,0x88AFF4E2FF1E46F3A0419A9542F8B1DD,0x98A7B1AB0051471E95D02DC85126EF1B,0,0,0,NULL,NULL,NULL,'asmContext',NULL,NULL,'Calendar',NULL,NULL,NULL,NULL,1,'2015-05-06 17:10:33',0x09029A01FC354265BACDCECE51DDA629),(0x8F903883CC0A49CBA7B69A487410FE82,0xD8D07AFC0D3C4A7599E428F8846C7AA2,NULL,10,'multilingual-node=\"Y\" semantictag=\"Image\" sharedNode=\"N\" sharedNodeResource=\"N\" sharedResource=\"N\" ','seenoderoles=\"all\" ','width=\"100\" ',0x3D1078DF1C5046CB871E10ADDEBDE562,0x3019B22E85E84A3A93E5738A4E936D13,0x31A27083B25744BD8DB56F3EBDD51750,0,0,0,NULL,NULL,NULL,'asmContext',NULL,NULL,'Image',NULL,NULL,NULL,NULL,1,'2015-05-06 17:10:33',0x09029A01FC354265BACDCECE51DDA629),(0x4A08243D84EB46738487795DFFA1C0B8,0xD8D07AFC0D3C4A7599E428F8846C7AA2,NULL,11,'multilingual-node=\"Y\" semantictag=\"Audio\" sharedNode=\"N\" sharedNodeResource=\"N\" sharedResource=\"N\" ','seenoderoles=\"all\" ','width=\"100\" ',0x6B4296229B11490EB456C89A2EA9748C,0xD6B6CEE72EA14B938D62BAE6586E031F,0x289B834FAEFC49F4A5AD82C6A6CA517A,0,0,0,NULL,NULL,NULL,'asmContext',NULL,NULL,'Audio',NULL,NULL,NULL,NULL,1,'2015-05-06 17:10:33',0x09029A01FC354265BACDCECE51DDA629),(0xC6D0950D517846489BFBA523AF2EED91,0xD8D07AFC0D3C4A7599E428F8846C7AA2,NULL,12,'multilingual-node=\"Y\" semantictag=\"Comments\" sharedNode=\"N\" sharedNodeResource=\"N\" sharedResource=\"N\" ','seenoderoles=\"all\" ','',0xBAEAAA4D850641C388E90338E6AB17AE,0xFAF2FB689229467DA2EE30D2FABEC03F,0x13ECBD77ED7147E0AB1FE24F379FD5DE,0,0,0,NULL,NULL,NULL,'asmContext',NULL,NULL,'Comments',NULL,NULL,NULL,NULL,1,'2015-05-06 17:10:33',0x09029A01FC354265BACDCECE51DDA629),(0x91929E7DDDDC4C0B9392C4631FD26B16,0xD8D07AFC0D3C4A7599E428F8846C7AA2,NULL,13,'multilingual-node=\"Y\" semantictag=\"Get_Resource\" sharedNode=\"N\" sharedNodeResource=\"N\" sharedResource=\"N\" ','seenoderoles=\"all\" ','',0xC2647EE1D51B4448A2BAFFB3CEE11778,0xE6FA4DFB649547B9BC627FA9A6A55428,0xF1BBC36604714FE4AEC93B85F097FBCE,0,0,0,NULL,NULL,NULL,'asmContext',NULL,NULL,'Get_Resource',NULL,NULL,NULL,NULL,1,'2015-05-06 17:10:33',0x09029A01FC354265BACDCECE51DDA629),(0x7F20F04038694C4A996E3C4CF2318ADB,0xD8D07AFC0D3C4A7599E428F8846C7AA2,NULL,14,'multilingual-node=\"Y\" semantictag=\"Get_Get_Resource\" sharedNode=\"N\" sharedNodeResource=\"N\" sharedResource=\"N\" ','seenoderoles=\"all\" ','',0x372DC782DF6E43099B0C82DD3A05B865,0x64BEF79BF18541FB95D0FB6C7179CF95,0x11769080185B48209159FF2670BCBED3,0,0,0,NULL,NULL,NULL,'asmContext',NULL,NULL,'Get_Get_Resource',NULL,NULL,NULL,NULL,1,'2015-05-06 17:10:33',0x09029A01FC354265BACDCECE51DDA629),(0xD5C116E4030145DEA408D26609689F72,0xD8D07AFC0D3C4A7599E428F8846C7AA2,NULL,15,'multilingual-node=\"Y\" semantictag=\"Get_Double_Resource\" sharedNode=\"N\" sharedNodeResource=\"N\" sharedResource=\"N\" ','seenoderoles=\"all\" ','',0xCD9DC1059CD643E595540ABC441B4131,0x17CF59445A63412FA54883E7B5F226A6,0x8E5EAB8133834765B73B56185CB78B38,0,0,0,NULL,NULL,NULL,'asmContext',NULL,NULL,'Get_Double_Resource',NULL,NULL,NULL,NULL,1,'2015-05-06 17:10:34',0x09029A01FC354265BACDCECE51DDA629),(0x929A056255484E14BB1061388476DB20,0xD8D07AFC0D3C4A7599E428F8846C7AA2,NULL,16,'multilingual-node=\"Y\" semantictag=\"Proxy\" sharedNode=\"N\" sharedNodeResource=\"N\" sharedResource=\"N\" ','seenoderoles=\"all\" ','',0xFFA57717D02C48269B0A24BA68449746,0x234DE32A09D343278032E73FC1421095,0xEE667EE9BADD473995A5693A9D00D94D,0,0,0,NULL,NULL,NULL,'asmContext',NULL,NULL,'Proxy',NULL,NULL,NULL,NULL,1,'2015-05-06 17:10:34',0x09029A01FC354265BACDCECE51DDA629),(0x86AF67E39243454FB95A42DB3BEEADA2,0xD8D07AFC0D3C4A7599E428F8846C7AA2,NULL,17,'multilingual-node=\"Y\" semantictag=\"Item\" sharedNode=\"N\" sharedNodeResource=\"N\" sharedResource=\"N\" ','seenoderoles=\"all\" ','',0x324704C06CE14D96B7C5EA40737E1522,0x27901C4B1B9F4EC49666E4CBD220495E,0x595B66DB2B264C64AAC9ECB8F234BFF9,0,0,0,NULL,NULL,NULL,'asmContext',NULL,NULL,'Item',NULL,NULL,NULL,NULL,1,'2015-05-06 17:10:34',0x09029A01FC354265BACDCECE51DDA629),(0x74BE5AE644104C19AACECA2323205E8C,0xD8D07AFC0D3C4A7599E428F8846C7AA2,NULL,18,'multilingual-node=\"Y\" semantictag=\"SendEmail\" sharedNode=\"N\" sharedNodeResource=\"N\" sharedResource=\"N\" ','seenoderoles=\"all\" ','',0x13191CD7FD5948A09DFC8DE5C43DD8F2,0x613AB5954D7642678E0D0F41F935A0E7,0x21B5BDA9FDCF4570BDF3ECBA4DA0FF83,0,0,0,NULL,NULL,NULL,'asmContext',NULL,NULL,'SendEmail',NULL,NULL,NULL,NULL,1,'2015-05-06 17:10:34',0x09029A01FC354265BACDCECE51DDA629),(0xA9131A94AE804C3097C718AC8227369F,0xD8D07AFC0D3C4A7599E428F8846C7AA2,NULL,19,'multilingual-node=\"Y\" semantictag=\"URL2Unit\" sharedNode=\"N\" sharedNodeResource=\"N\" sharedResource=\"N\" ','seenoderoles=\"all\" ','',0xE22B3C03A7304F63878E63BAF59D9A08,0x9DE8FCEB294849FE81706BA77E2EC2A4,0xDF3045F9757646528E8BD9AD656AF2EF,0,0,0,NULL,NULL,NULL,'asmContext',NULL,NULL,'URL2Unit',NULL,NULL,NULL,NULL,1,'2015-05-06 17:10:34',0x09029A01FC354265BACDCECE51DDA629),(0x35BAE567A0384C8F974D49F1C38DDDC6,0xD8D07AFC0D3C4A7599E428F8846C7AA2,NULL,20,'multilingual-node=\"Y\" semantictag=\"Dashboard\" sharedNode=\"N\" sharedNodeResource=\"N\" sharedResource=\"N\" ','seenoderoles=\"all\" ','',0x18F59E575067460C896DA9810B167218,0xE4ED4607A1CD440FA71E3F1CE5CC9B94,0x86ACCC025C534175B5C359C23B79A4B4,0,0,0,NULL,NULL,NULL,'asmContext',NULL,NULL,'Dashboard',NULL,NULL,NULL,NULL,1,'2015-05-06 17:10:34',0x09029A01FC354265BACDCECE51DDA629),(0x3623EB56F08C4C199AEEB0BD76A595A2,0xD8D07AFC0D3C4A7599E428F8846C7AA2,'1de2277c-8e0e-4b93-9263-62303809db42',21,'multilingual-node=\"Y\" semantictag=\"\" sharedNode=\"N\" sharedNodeResource=\"N\" ','contentfreenode=\"Y\" seenoderoles=\"all\" ','',NULL,0xEF2458B86FA143F49CFA8190CA91FCCE,0x50781E383CCC488F8565DDF676670C6E,0,0,0,NULL,NULL,NULL,'asmUnit','asmUnit',NULL,NULL,NULL,NULL,NULL,NULL,1,'2015-05-06 17:10:34',0x09029A01FC354265BACDCECE51DDA629),(0x1DE2277C8E0E4B93926362303809DB42,0x3623EB56F08C4C199AEEB0BD76A595A2,NULL,0,'multilingual-node=\"Y\" semantictag=\"asmUnitStructure_free\" sharedNode=\"N\" sharedNodeResource=\"N\" ','seenoderoles=\"all\" ','height=\"50px\" top=\"30\" width=\"600px\" ',NULL,0x183ACDE7E3F74E3AB7F7CBF43F4C3EA8,0x48561F04A4064207968E491F0FA102F7,0,0,0,NULL,NULL,NULL,'asmUnitStructure','asmUnitStructure',NULL,'asmUnitStructure_free',NULL,NULL,NULL,NULL,1,'2015-05-06 17:10:34',0x09029A01FC354265BACDCECE51DDA629),(0xE5A20CE654B6442D8711D396318B761F,0xD8D07AFC0D3C4A7599E428F8846C7AA2,'73a79794-b4f3-458a-b02e-062a58c6132d',22,'multilingual-node=\"Y\" semantictag=\"\" sharedNode=\"N\" sharedNodeResource=\"N\" ','contentfreenode=\"Y\" seenoderoles=\"all\" ','',NULL,0x5670745F12D042F4ADC0B725D2ABBD2D,0x114560A5D7AB4295B428952CA39931EF,0,0,0,NULL,NULL,NULL,'asmUnit','asmUnit',NULL,NULL,NULL,NULL,NULL,NULL,1,'2015-05-06 17:10:34',0x09029A01FC354265BACDCECE51DDA629),(0x73A79794B4F3458AB02E062A58C6132D,0xE5A20CE654B6442D8711D396318B761F,NULL,0,'multilingual-node=\"Y\" semantictag=\"TextField_free\" sharedNode=\"N\" sharedNodeResource=\"N\" sharedResource=\"N\" ','seenoderoles=\"all\" ','height=\"50px\" left=\"300\" top=\"30\" width=\"400px\" ',0x4A8A1A082EAB47CEA0AB7838EAE4B5C5,0x2F2CE21B67934F28BA34EC10BE24F12B,0x38636654BBEA4ED5BF7E672563112521,0,0,0,NULL,NULL,NULL,'asmContext',NULL,NULL,'TextField_free',NULL,NULL,NULL,NULL,1,'2015-05-06 17:10:34',0x09029A01FC354265BACDCECE51DDA629),(0x60160D4074C3410699DAD493B7AF9DD0,0xD8D07AFC0D3C4A7599E428F8846C7AA2,'0428438f-758a-4733-95d3-313caa6d00e1',23,'multilingual-node=\"Y\" semantictag=\"\" sharedNode=\"N\" sharedNodeResource=\"N\" ','contentfreenode=\"Y\" seenoderoles=\"all\" ','',NULL,0xDE0D18C3D55146E2A0E88A03BBFA1F49,0x6FDD3540846343DEA30C56D4F0AB2738,0,0,0,NULL,NULL,NULL,'asmUnit','asmUnit',NULL,NULL,NULL,NULL,NULL,NULL,1,'2015-05-06 17:10:34',0x09029A01FC354265BACDCECE51DDA629),(0x0428438F758A473395D3313CAA6D00E1,0x60160D4074C3410699DAD493B7AF9DD0,NULL,0,'multilingual-node=\"Y\" semantictag=\"Field_free\" sharedNode=\"N\" sharedNodeResource=\"N\" sharedResource=\"N\" ','seenoderoles=\"all\" ','height=\"35px\" left=\"300\" top=\"30\" width=\"400px\" ',0xF01E3A00345A462ABFF4B68DBA0EBBD6,0x7229C313CD404A979A7C2DA08C968555,0x0E7C5250CF764D32BB3A6161CBB19FFA,0,0,0,NULL,NULL,NULL,'asmContext',NULL,NULL,'Field_free',NULL,NULL,NULL,NULL,1,'2015-05-06 17:10:34',0x09029A01FC354265BACDCECE51DDA629),(0xA35B9A5B44EB4E128597D43341A7C052,0xD8D07AFC0D3C4A7599E428F8846C7AA2,'38ff5c3d-8715-4fcf-ae20-0af9bc1e732d',24,'multilingual-node=\"Y\" semantictag=\"\" sharedNode=\"N\" sharedNodeResource=\"N\" ','contentfreenode=\"Y\" seenoderoles=\"all\" ','',NULL,0xCA08D2DF169A4646BC26AE9F4C99F1C2,0x9396C4FB3F064346BA949685D3712B24,0,0,0,NULL,NULL,NULL,'asmUnit','asmUnit',NULL,NULL,NULL,NULL,NULL,NULL,1,'2015-05-06 17:10:34',0x09029A01FC354265BACDCECE51DDA629),(0x38FF5C3D87154FCFAE200AF9BC1E732D,0xA35B9A5B44EB4E128597D43341A7C052,NULL,0,'multilingual-node=\"Y\" semantictag=\"Document_free\" sharedNode=\"N\" sharedNodeResource=\"N\" sharedResource=\"N\" ','seenoderoles=\"all\" ','height=\"35px\" left=\"300\" top=\"30\" width=\"400px\" ',0x2B18640147194DE99B06084D5A84E987,0x5AFF99D80DAD45378BCA94BC20678B8D,0x1A9298C7F46746849D5F9575DD6F12CE,0,0,0,NULL,NULL,NULL,'asmContext',NULL,NULL,'Document_free',NULL,NULL,NULL,NULL,1,'2015-05-06 17:10:34',0x09029A01FC354265BACDCECE51DDA629),(0x618B42F8F9444F7493D089B06F63181A,0xD8D07AFC0D3C4A7599E428F8846C7AA2,'b00cebb1-5d93-474e-afd8-110a4e38686a',25,'multilingual-node=\"Y\" semantictag=\"\" sharedNode=\"N\" sharedNodeResource=\"N\" ','contentfreenode=\"Y\" seenoderoles=\"all\" ','',NULL,0xDB4B92F3C5374011B36F9580D511C643,0x6437CA92AA1C46C9ABFB38CDC16E5912,0,0,0,NULL,NULL,NULL,'asmUnit','asmUnit',NULL,NULL,NULL,NULL,NULL,NULL,1,'2015-05-06 17:10:34',0x09029A01FC354265BACDCECE51DDA629),(0xB00CEBB15D93474EAFD8110A4E38686A,0x618B42F8F9444F7493D089B06F63181A,NULL,0,'multilingual-node=\"Y\" semantictag=\"URL_free\" sharedNode=\"N\" sharedNodeResource=\"N\" sharedResource=\"N\" ','seenoderoles=\"all\" ','height=\"35px\" left=\"300\" top=\"30\" width=\"400px\" ',0x313577E4807C496EBF8E90E35E5DC7FD,0xBE64463D6973476DBE6E05A70D0D8D1B,0x0B2F249D3B2E49259464AB2F6E000CE4,0,0,0,NULL,NULL,NULL,'asmContext',NULL,NULL,'URL_free',NULL,NULL,NULL,NULL,1,'2015-05-06 17:10:34',0x09029A01FC354265BACDCECE51DDA629),(0xBB414F5509B94D109C5CB66A11F98349,0xD8D07AFC0D3C4A7599E428F8846C7AA2,'4e9206bb-28ac-4c64-91e6-3203ebd54052',26,'multilingual-node=\"Y\" semantictag=\"\" sharedNode=\"N\" sharedNodeResource=\"N\" ','contentfreenode=\"Y\" seenoderoles=\"all\" ','',NULL,0xF77DC367A0644BF78B2008F00CB7B17E,0x16DB64B1CA9A4DEF826DF05D1D20D564,0,0,0,NULL,NULL,NULL,'asmUnit','asmUnit',NULL,NULL,NULL,NULL,NULL,NULL,1,'2015-05-06 17:10:35',0x09029A01FC354265BACDCECE51DDA629),(0x4E9206BB28AC4C6491E63203EBD54052,0xBB414F5509B94D109C5CB66A11F98349,NULL,0,'multilingual-node=\"Y\" semantictag=\"Calendar_free\" sharedNode=\"N\" sharedNodeResource=\"N\" sharedResource=\"N\" ','seenoderoles=\"all\" ','height=\"35px\" left=\"300\" top=\"30\" width=\"400px\" ',0xAA22F8496B9C4B959E8D33A61A6955DC,0x76DE034A61184EF49C380F71AB8A7E55,0x7AFCDF02028F4889B7F01DBABE4ED556,0,0,0,NULL,NULL,NULL,'asmContext',NULL,NULL,'Calendar_free',NULL,NULL,NULL,NULL,1,'2015-05-06 17:10:35',0x09029A01FC354265BACDCECE51DDA629),(0x62E3B0CF1D304AE1B83502D037D7FDC6,0xD8D07AFC0D3C4A7599E428F8846C7AA2,'62e37522-15b0-43fc-a892-9564f9404324',27,'multilingual-node=\"Y\" semantictag=\"\" sharedNode=\"N\" sharedNodeResource=\"N\" ','contentfreenode=\"Y\" seenoderoles=\"all\" ','',NULL,0xCDCD7106556D46D98C473707A234AC68,0xB70BC73B109A4DAC9C25892E4283B51F,0,0,0,NULL,NULL,NULL,'asmUnit','asmUnit',NULL,NULL,NULL,NULL,NULL,NULL,1,'2015-05-06 17:10:35',0x09029A01FC354265BACDCECE51DDA629),(0x62E3752215B043FCA8929564F9404324,0x62E3B0CF1D304AE1B83502D037D7FDC6,NULL,0,'multilingual-node=\"Y\" semantictag=\"Image_free\" sharedNode=\"N\" sharedNodeResource=\"N\" sharedResource=\"N\" ','seenoderoles=\"all\" ','height=\"100px\" left=\"300\" top=\"30\" width=\"400px\" ',0x32FAE0B9C5224584A0AE6E71B967D0F9,0x0B435FA3CCE04E6BB5967F91A911838F,0xFBA75EC9F12E42CE8E2FE8983D8F727D,0,0,0,NULL,NULL,NULL,'asmContext',NULL,NULL,'Image_free',NULL,NULL,NULL,NULL,1,'2015-05-06 17:10:35',0x09029A01FC354265BACDCECE51DDA629),(0x50CB9E54154B4F01A230E27033B25762,0xD8D07AFC0D3C4A7599E428F8846C7AA2,'e112decb-586c-47ad-bd5a-00fa7b2b36ed',28,'multilingual-node=\"Y\" semantictag=\"\" sharedNode=\"N\" sharedNodeResource=\"N\" ','contentfreenode=\"Y\" seenoderoles=\"all\" ','',NULL,0x115C46E93B19479B8A2F5F9949FC8DE7,0x4124E043F7D8487B86D048A2FB14148A,0,0,0,NULL,NULL,NULL,'asmUnit','asmUnit',NULL,NULL,NULL,NULL,NULL,NULL,1,'2015-05-06 17:10:35',0x09029A01FC354265BACDCECE51DDA629),(0xE112DECB586C47ADBD5A00FA7B2B36ED,0x50CB9E54154B4F01A230E27033B25762,NULL,0,'multilingual-node=\"Y\" semantictag=\"Audio_free\" sharedNode=\"N\" sharedNodeResource=\"N\" sharedResource=\"N\" ','seenoderoles=\"all\" ','height=\"100px\" left=\"300\" top=\"30\" width=\"400px\" ',0x0688A2A98B8F4529B517EE9807BF87DF,0x6B70C249C3094F55B7B34AE94884F7D4,0xA0295F07CB044C98AB326A8B01A22169,0,0,0,NULL,NULL,NULL,'asmContext',NULL,NULL,'Audio_free',NULL,NULL,NULL,NULL,1,'2015-05-06 17:10:35',0x09029A01FC354265BACDCECE51DDA629),(0x4FBA9952EBD145BCB2A60759B4D3837D,0xD8D07AFC0D3C4A7599E428F8846C7AA2,'32d3ddbe-4498-4a9d-8bb2-65796de7261c',29,'multilingual-node=\"Y\" semantictag=\"\" sharedNode=\"N\" sharedNodeResource=\"N\" ','contentfreenode=\"Y\" seenoderoles=\"all\" ','',NULL,0xB933D8B6765440699A7166D48716F900,0x21611E4B536C44CF8E8818DA81FC6DC4,0,0,0,NULL,NULL,NULL,'asmUnit','asmUnit',NULL,NULL,NULL,NULL,NULL,NULL,1,'2015-05-06 17:10:35',0x09029A01FC354265BACDCECE51DDA629),(0x32D3DDBE44984A9D8BB265796DE7261C,0x4FBA9952EBD145BCB2A60759B4D3837D,NULL,0,'multilingual-node=\"Y\" semantictag=\"Video_free\" sharedNode=\"N\" sharedNodeResource=\"N\" sharedResource=\"N\" ','seenoderoles=\"all\" ','height=\"400px\" left=\"300\" top=\"30\" width=\"600px\" ',0x31962D38D6E246C7A59D7F5AAE3076BA,0x1EDD31B2ACDC4B408519A614BF2FCA85,0x402F93BC11EC48DE8E8C7C86D484EA67,0,0,0,NULL,NULL,NULL,'asmContext',NULL,NULL,'Video_free',NULL,NULL,NULL,NULL,1,'2015-05-06 17:10:35',0x09029A01FC354265BACDCECE51DDA629),(0xF296936071034E3D968DA5CD94F0D8D8,NULL,'40638bd7-1849-4d0a-9a0c-1363f59adf60,2de05238-faa9-4943-9fe4-94447d30a0e9',0,'display-type=\"standard\" multilingual-node=\"Y\" public=\"Y\" semantictag=\"root\" sharedNode=\"N\" sharedResource=\"N\" ','seenoderoles=\"all\" ','',NULL,0xCC3F15962DD143AE99EB43A9DC4290E2,0x1DF7E7E455434DF7B23C4FA52AC6CBF6,0,0,0,NULL,NULL,NULL,'asmRoot',NULL,NULL,'root',NULL,'_karuta_report_parts_',NULL,NULL,1,'2015-05-06 17:11:20',0x39F3B16046734E9EA9DD0EE43ECF754F),(0x40638BD718494D0A9A0C1363F59ADF60,0xF296936071034E3D968DA5CD94F0D8D8,'83cc1309-4773-4b1a-bc1e-c57559dc3a52,097f89eb-3416-49a2-a902-aea8864908a4,a65f03ac-4c9c-4e43-a85f-4411870dc814',0,'multilingual-node=\"Y\" semantictag=\"asmUnit\" sharedNode=\"N\" sharedNodeResource=\"N\" ','seenoderoles=\"all\" ','',NULL,0x77593457E8B949A2A156B245D23E76AF,0x1D97CB4EF7874BDBAD49DF86761D7BB4,0,0,0,NULL,NULL,NULL,'asmUnit','asmUnit',NULL,'asmUnit',NULL,NULL,NULL,NULL,1,'2015-05-06 17:11:20',0x39F3B16046734E9EA9DD0EE43ECF754F),(0x83CC130947734B1ABC1EC57559DC3A52,0x40638BD718494D0A9A0C1363F59ADF60,'739f26ca-0fbd-4f6b-aecc-916329f4e093,ab03cf9d-fbd1-40aa-80a0-5448b49d0b4d,10b77009-a3d6-4569-89a4-855c3754e82a,4f01730b-6143-4d05-8d0e-3e1d9f7dcf18,77f34d59-6508-4915-b79e-8274d6a29783',0,'multilingual-node=\"Y\" semantictag=\"\" sharedNode=\"N\" sharedNodeResource=\"N\" ','seenoderoles=\"all\" ','',NULL,0xC75F1CF0047F45E6AF8FB03CA04ABE99,0xFA9E0070B1E8410BAFDCEBE8C8FDD96C,0,0,0,NULL,NULL,NULL,'asmUnitStructure','asmUnitStructure',NULL,NULL,NULL,NULL,NULL,NULL,1,'2015-05-06 17:11:20',0x39F3B16046734E9EA9DD0EE43ECF754F),(0x739F26CA0FBD4F6BAECC916329F4E093,0x83CC130947734B1ABC1EC57559DC3A52,NULL,0,'multilingual-node=\"Y\" multilingual-resource=\"Y\" semantictag=\"typenode\" sharedNode=\"N\" sharedNodeResource=\"N\" sharedResource=\"N\" ','seenoderoles=\"all\" ','',0x6640D34F54F94F15A4222F3E80256148,0x8A6DDD5074D346BE80D143B9651F0DDB,0xC43EA5C4310C40E9940A2D581B715C7E,0,0,0,NULL,NULL,NULL,'asmContext',NULL,NULL,'typenode',NULL,NULL,NULL,NULL,1,'2015-05-06 17:11:20',0x39F3B16046734E9EA9DD0EE43ECF754F),(0xAB03CF9DFBD140AA80A05448B49D0B4D,0x83CC130947734B1ABC1EC57559DC3A52,NULL,1,'multilingual-node=\"Y\" multilingual-resource=\"Y\" semantictag=\"typenode\" sharedNode=\"N\" sharedNodeResource=\"N\" sharedResource=\"N\" ','seenoderoles=\"all\" ','',0xCD232958F8854272AD4890BD764FFCF8,0x309DEFD47A464F7DA667F5611AB4D228,0xF7BA9ED859284175B61412E0570EF34B,0,0,0,NULL,NULL,NULL,'asmContext',NULL,NULL,'typenode',NULL,NULL,NULL,NULL,1,'2015-05-06 17:11:20',0x39F3B16046734E9EA9DD0EE43ECF754F),(0x10B77009A3D6456989A4855C3754E82A,0x83CC130947734B1ABC1EC57559DC3A52,NULL,2,'multilingual-node=\"Y\" multilingual-resource=\"Y\" semantictag=\"typenode\" sharedNode=\"N\" sharedNodeResource=\"N\" sharedResource=\"N\" ','seenoderoles=\"all\" ','',0x7FE6928FB6E6401D9A2839944FC84112,0x02289403A58F4E6E865C45E79CC66DAA,0xDDFB6BE8830A4A9D94D84D8239191961,0,0,0,NULL,NULL,NULL,'asmContext',NULL,NULL,'typenode',NULL,NULL,NULL,NULL,1,'2015-05-06 17:11:20',0x39F3B16046734E9EA9DD0EE43ECF754F),(0x4F01730B61434D058D0E3E1D9F7DCF18,0x83CC130947734B1ABC1EC57559DC3A52,NULL,3,'multilingual-node=\"Y\" multilingual-resource=\"Y\" semantictag=\"typenode\" sharedNode=\"N\" sharedNodeResource=\"N\" sharedResource=\"N\" ','seenoderoles=\"all\" ','',0x7864BBC43896415FBB24DCE1F149EAF3,0x3FE31290A01048FAAA0026E10D4555D9,0xD6D555A50EFC4415A58C104684CDCC54,0,0,0,NULL,NULL,NULL,'asmContext',NULL,NULL,'typenode',NULL,NULL,NULL,NULL,1,'2015-05-06 17:11:20',0x39F3B16046734E9EA9DD0EE43ECF754F),(0x77F34D5965084915B79E8274D6A29783,0x83CC130947734B1ABC1EC57559DC3A52,NULL,4,'multilingual-node=\"Y\" multilingual-resource=\"Y\" semantictag=\"typenode\" sharedNode=\"N\" sharedNodeResource=\"N\" sharedResource=\"N\" ','seenoderoles=\"all\" ','',0xE4F4B82ECA5F4B3CB1DA313F967F3C84,0xC7FE71B806FE40ED9AB00337087398E4,0x7F81CE5113AB4983A13076C2F7AA59E3,0,0,0,NULL,NULL,NULL,'asmContext',NULL,NULL,'typenode',NULL,NULL,NULL,NULL,1,'2015-05-06 17:11:20',0x39F3B16046734E9EA9DD0EE43ECF754F),(0x097F89EB341649A2A902AEA8864908A4,0x40638BD718494D0A9A0C1363F59ADF60,'75d39c29-fd2c-48bc-9997-835ea439e2f5,949d03c8-e7e8-4232-bf83-56eec0ed721e',1,'multilingual-node=\"Y\" semantictag=\"asmUnitStructure\" sharedNode=\"N\" sharedNodeResource=\"N\" ','seenoderoles=\"all\" ','',NULL,0x4CD8A259D06944FFA565440FCEE0D0B3,0x5E0A1D6D8F924AB6AADB16C22202B6AC,0,0,0,NULL,NULL,NULL,'asmUnitStructure','asmUnitStructure',NULL,'asmUnitStructure',NULL,NULL,NULL,NULL,1,'2015-05-06 17:11:20',0x39F3B16046734E9EA9DD0EE43ECF754F),(0x75D39C29FD2C48BC9997835EA439E2F5,0x097F89EB341649A2A902AEA8864908A4,NULL,0,'multilingual-node=\"Y\" multilingual-resource=\"Y\" semantictag=\"todisplay\" sharedNode=\"N\" sharedNodeResource=\"N\" sharedResource=\"N\" ','seenoderoles=\"all\" ','',0x1E2F1B0473DF47F89CFF9FF0861DF19C,0xA14853895919412A852F55D2DD9D5138,0x0B87343077BD4A809CBD558BBF669322,0,0,0,NULL,NULL,NULL,'asmContext',NULL,NULL,'todisplay',NULL,NULL,NULL,NULL,1,'2015-05-06 17:11:20',0x39F3B16046734E9EA9DD0EE43ECF754F),(0x949D03C8E7E84232BF8356EEC0ED721E,0x097F89EB341649A2A902AEA8864908A4,NULL,1,'multilingual-node=\"Y\" multilingual-resource=\"Y\" semantictag=\"todisplay\" sharedNode=\"N\" sharedNodeResource=\"N\" sharedResource=\"N\" ','seenoderoles=\"all\" ','',0xB2C8C4B157F143F0B59643999245A63A,0x964FDE0CD06846AB8F348DF563485F4C,0x116EEB77740842F5A85ED85F3FAAB12F,0,0,0,NULL,NULL,NULL,'asmContext',NULL,NULL,'todisplay',NULL,NULL,NULL,NULL,1,'2015-05-06 17:11:20',0x39F3B16046734E9EA9DD0EE43ECF754F),(0xA65F03AC4C9C4E43A85F4411870DC814,0x40638BD718494D0A9A0C1363F59ADF60,'86d2afff-da8e-46c2-8096-577256267511,1784841d-28a1-4410-a5cd-51b786530ee8',2,'multilingual-node=\"Y\" semantictag=\"\" sharedNode=\"N\" sharedNodeResource=\"N\" ','seenoderoles=\"all\" ','',NULL,0x16D33AF466234E3A9CE6298C9A4D7223,0x7985B09D8DB649C9A1D9C0D05F22966E,0,0,0,NULL,NULL,NULL,'asmUnitStructure','asmUnitStructure',NULL,NULL,NULL,NULL,NULL,NULL,1,'2015-05-06 17:11:20',0x39F3B16046734E9EA9DD0EE43ECF754F),(0x86D2AFFFDA8E46C28096577256267511,0xA65F03AC4C9C4E43A85F4411870DC814,NULL,0,'multilingual-node=\"Y\" multilingual-resource=\"Y\" semantictag=\"aggregationtype\" sharedNode=\"N\" sharedNodeResource=\"N\" sharedResource=\"N\" ','seenoderoles=\"all\" ','',0x9CCDFCFD1FF94CD89054D2AF37AD3D7D,0xAC9340E876E74F24B10E107ACFAA487B,0x3E06EACF87B94971BC7871ABE27B599C,0,0,0,NULL,NULL,NULL,'asmContext',NULL,NULL,'aggregationtype',NULL,NULL,NULL,NULL,1,'2015-05-06 17:11:21',0x39F3B16046734E9EA9DD0EE43ECF754F),(0x1784841D28A14410A5CD51B786530EE8,0xA65F03AC4C9C4E43A85F4411870DC814,NULL,1,'multilingual-node=\"Y\" multilingual-resource=\"Y\" semantictag=\"aggregationtype\" sharedNode=\"N\" sharedNodeResource=\"N\" sharedResource=\"N\" ','seenoderoles=\"all\" ','',0x1945513FADC74B86885FF0109B153CA6,0x5E05BD156AEF4C4E92FBB6566DF83DDB,0xA35060762C3F41BF819D07255C1B8062,0,0,0,NULL,NULL,NULL,'asmContext',NULL,NULL,'aggregationtype',NULL,NULL,NULL,NULL,1,'2015-05-06 17:11:21',0x39F3B16046734E9EA9DD0EE43ECF754F),(0x2DE05238FAA949439FE494447D30A0E9,0xF296936071034E3D968DA5CD94F0D8D8,'75409a7c-0081-4285-89e2-56cbafb140c1,a54a61ec-9f87-4b1f-bd70-ea8a6957f517,ba340609-27dd-409d-a394-846fdc65151d,6ed2f80f-5abc-4638-a417-ec0ccf6800ac,f9400f16-3680-4792-86f1-abfef3443cbf,a46a02f2-1e69-4c5f-a950-699e0ac194ad,24733e64-972b-4225-b1b7-43191c6ad881,3522b6e3-c7a3-4939-a840-88dde4a9f36e,5118c094-387b-4031-a93e-f1dd213069b3,a896a21e-8a9b-4a82-adcc-bac67ef9a9f9',1,'multilingual-node=\"Y\" semantictag=\"asmUnit\" sharedNode=\"N\" sharedNodeResource=\"N\" ','seenoderoles=\"all\" ','',NULL,0xA513A8CA31744E63A65CF3FF2F8DF0C1,0x08008A02D0DF4EC89173AC55381F6F9A,0,0,0,NULL,NULL,NULL,'asmUnit','asmUnit',NULL,'asmUnit',NULL,NULL,NULL,NULL,1,'2015-05-06 17:11:21',0x39F3B16046734E9EA9DD0EE43ECF754F),(0x75409A7C0081428589E256CBAFB140C1,0x2DE05238FAA949439FE494447D30A0E9,'5c9924da-74c9-409b-ad82-7d16017f1ab6',0,'multilingual-node=\"Y\" semantictag=\"model-table\" sharedNode=\"N\" sharedNodeResource=\"N\" ','delnoderoles=\"reporter\" menuroles=\"_karuta_report_parts_,model-row,Add row/Ajouter row,reporter;#line;_karuta_report_parts_,for-each-line,Add for-each-line/Ajouter for-each-line,reporter;_karuta_report_parts_,for-each-person,Add for-each-person/Ajouter for-each-person,reporter;_karuta_report_parts_,for-each-portfolio,Add for-each-portfolio/Ajouter for-each-portfolio,reporter;_karuta_report_parts_,for-each-node,Add for-each-node/Ajouter for-each-node,reporter\" moveroles=\"reporter\" seenoderoles=\"all\" ','',NULL,0x7FD9A06EA7254EC7AA3B0D7B72EC7026,0x6940842D9E5F4BD2BCBF6607386206F5,0,0,0,NULL,NULL,NULL,'asmUnitStructure','asmUnitStructure',NULL,'model-table',NULL,NULL,NULL,NULL,1,'2015-05-06 17:11:21',0x39F3B16046734E9EA9DD0EE43ECF754F),(0x5C9924DA74C9409BAD827D16017F1AB6,0x75409A7C0081428589E256CBAFB140C1,NULL,0,'inline=\"Y\" multilingual-node=\"Y\" multilingual-resource=\"Y\" semantictag=\"ref-init\" sharedNode=\"N\" sharedNodeResource=\"N\" sharedResource=\"N\" ','editresroles=\"reporter\" help=\"Separate references by a slash/Séparer les références par une barre oblique&lt;br&gt;\" seenoderoles=\"all\" ','',0x0C82946DA0CD47D6983B2CBC9FB0D736,0x23C1766768C94123AE3D4CF9D722D222,0x2A10E50A47874971929CB99A8AD4354A,0,0,0,NULL,NULL,NULL,'asmContext',NULL,NULL,'ref-init',NULL,NULL,NULL,NULL,1,'2015-05-06 17:11:21',0x39F3B16046734E9EA9DD0EE43ECF754F),(0xA54A61EC9F874B1FBD70EA8A6957F517,0x2DE05238FAA949439FE494447D30A0E9,'8f9826dd-a8d9-45ef-977d-55aa8cbbec56',1,'multilingual-node=\"Y\" semantictag=\"model-row\" sharedNode=\"N\" sharedNodeResource=\"N\" ','delnoderoles=\"reporter\" menuroles=\"_karuta_report_parts_,model-cell,Add cell/Ajouter cell,reporter;#line;_karuta_report_parts_,for-each-node,Add for-each-node/Ajouter for-each-node,reporter;#line;_karuta_report_parts_,for-each-person,Add for-each-person/Ajouter for-each-person,reporter;_karuta_report_parts_,for-each-portfolio,Add for-each-portfolio/Ajouter for-each-portfolio,reporter\" moveroles=\"reporter\" seenoderoles=\"all\" ','',NULL,0x0F8A51A50AEC4E268D790A3DFE65F20F,0xC995ED29C5E146FB91C74ED15F30DD45,0,0,0,NULL,NULL,NULL,'asmUnitStructure','asmUnitStructure',NULL,'model-row',NULL,NULL,NULL,NULL,1,'2015-05-06 17:11:21',0x39F3B16046734E9EA9DD0EE43ECF754F),(0x8F9826DDA8D945EF977D55AA8CBBEC56,0xA54A61EC9F874B1FBD70EA8A6957F517,NULL,0,'inline=\"Y\" multilingual-node=\"Y\" multilingual-resource=\"Y\" semantictag=\"ref-init\" sharedNode=\"N\" sharedNodeResource=\"N\" sharedResource=\"N\" ','editresroles=\"reporter\" help=\"Separate references by a slash/Séparer les références par une barre oblique&lt;br&gt;\" seenoderoles=\"all\" ','',0xBD310496DC5846E9826B998C82CF8AD7,0x11E8DF6BA07B43BC8A69525A811E44E5,0x129686C10BA0464B822B5DFAC1E8A430,0,0,0,NULL,NULL,NULL,'asmContext',NULL,NULL,'ref-init',NULL,NULL,NULL,NULL,1,'2015-05-06 17:11:21',0x39F3B16046734E9EA9DD0EE43ECF754F),(0xBA34060927DD409DA394846FDC65151D,0x2DE05238FAA949439FE494447D30A0E9,NULL,2,'multilingual-node=\"Y\" semantictag=\"model-cell\" sharedNode=\"N\" sharedNodeResource=\"N\" ','delnoderoles=\"reporter\" menuroles=\"_karuta_report_parts_,node_resource,Add node_resource/Ajouter node_resource,reporter;_karuta_report_parts_,aggregate,Add aggregate/Ajouter aggregate,reporter;_karuta_report_parts_,text,Add text/Ajouter text,reporter;#line;_karuta_report_parts_,for-each-person,Add for-each-person/Ajouter for-each-person,reporter;_karuta_report_parts_,for-each-portfolio,Add for-each-portfolio/Ajouter for-each-portfolio,reporter;#line;_karuta_report_parts_,model-table,Add table/Ajouter table,reporter\" moveroles=\"reporter\" seenoderoles=\"all\" ','',NULL,0x374DBF88740E414395086A33B445190C,0x7A7B54CC4C044E01AB5515E540D83AEA,0,0,0,NULL,NULL,NULL,'asmUnitStructure','asmUnitStructure',NULL,'model-cell',NULL,NULL,NULL,NULL,1,'2015-05-06 17:11:21',0x39F3B16046734E9EA9DD0EE43ECF754F),(0x6ED2F80F5ABC4638A417EC0CCF6800AC,0x2DE05238FAA949439FE494447D30A0E9,'70b193e9-1c7e-498c-86fa-f22e4c96378e,b0b0dfa7-a4f7-4c38-b8fe-a8f045edd986',3,'multilingual-node=\"Y\" semantictag=\"for-each-person\" sharedNode=\"N\" sharedNodeResource=\"N\" ','delnoderoles=\"reporter\" menuroles=\"_karuta_report_parts_,model-table,Add table/Ajouter table,reporter;_karuta_report_parts_,model-row,Add row/Ajouter row,reporter;_karuta_report_parts_,model-cell,Add cell/Ajouter cell,reporter;#line;_karuta_report_parts_,node_resource,Add node_resource/Ajouter node_resource,reporter;_karuta_report_parts_,aggregate,Add aggregate/Ajouter aggregate,reporter;_karuta_report_parts_,text,Add text/Ajouter text,reporter;#line;_karuta_report_parts_,for-each-portfolio,Add for-each-portfolio/Ajouter for-each-portfolio,reporter\" moveroles=\"reporter\" seenoderoles=\"all\" ','',NULL,0x07299DBEC7AF45F7AF44C02FAF551F89,0x7F451C7E1C0C40039C3F0DA98FA7BE5F,0,0,0,NULL,NULL,NULL,'asmUnitStructure','asmUnitStructure',NULL,'for-each-person',NULL,NULL,NULL,NULL,1,'2015-05-06 17:11:21',0x39F3B16046734E9EA9DD0EE43ECF754F),(0x70B193E91C7E498C86FAF22E4C96378E,0x6ED2F80F5ABC4638A417EC0CCF6800AC,NULL,0,'inline=\"Y\" multilingual-node=\"Y\" multilingual-resource=\"Y\" semantictag=\"ref-init\" sharedNode=\"N\" sharedNodeResource=\"N\" sharedResource=\"N\" ','help=\"Separate references by a slash/Séparer les références par une barre oblique&lt;br&gt;&lt;br&gt;\" seenoderoles=\"all\" ','',0x157C246A532B4C39AF5FCE2233947255,0x1A81A3B82873461DAF715371ADA05B79,0x6601D1F4BB254F22B7C9269C6937D35F,0,0,0,NULL,NULL,NULL,'asmContext',NULL,NULL,'ref-init',NULL,NULL,NULL,NULL,1,'2015-05-06 17:11:21',0x39F3B16046734E9EA9DD0EE43ECF754F),(0xB0B0DFA7A4F74C38B8FEA8F045EDD986,0x6ED2F80F5ABC4638A417EC0CCF6800AC,NULL,1,'inline=\"Y\" multilingual-node=\"Y\" multilingual-resource=\"Y\" semantictag=\"select\" sharedNode=\"N\" sharedNodeResource=\"N\" sharedResource=\"N\" ','editresroles=\"reporter\" help=\"Example: username=&apos;olivier&apos; or username=identifier/Exemple: username=&apos;olivier&apos; ou username=identifier&lt;br&gt;\" seenoderoles=\"all\" ','',0x819772F8A78046A3AE76F71CDE3DA2A8,0x91C0DCF9B7304D24A37F73094456DD62,0xC55BA46F8FD14EE9AC3B0F623A33B031,0,0,0,NULL,NULL,NULL,'asmContext',NULL,NULL,'select',NULL,NULL,NULL,NULL,1,'2015-05-06 17:11:21',0x39F3B16046734E9EA9DD0EE43ECF754F),(0xF9400F163680479286F1ABFEF3443CBF,0x2DE05238FAA949439FE494447D30A0E9,'4e517b26-750b-4ad3-81ce-ff22061be04e,cefd2105-92a3-4c6b-b589-a270d61eb32d',4,'multilingual-node=\"Y\" semantictag=\"for-each-portfolio\" sharedNode=\"N\" sharedNodeResource=\"N\" ','delnoderoles=\"reporter\" menuroles=\"_karuta_report_parts_,model-table,Add table/Ajouter table,reporter;_karuta_report_parts_,model-row,Add row/Ajouter row,reporter;_karuta_report_parts_,model-cell,Add cell/Ajouter cell,reporter;#line;_karuta_report_parts_,node_resource,Add node_resource/Ajouter node_resource,reporter;_karuta_report_parts_,aggregate,Add aggregate/Ajouter aggregate,reporter;_karuta_report_parts_,text,Add text/Ajouter text,reporter;#line;_karuta_report_parts_,for-each-person,Add for-each-person/Ajouter for-each-person,reporter;_karuta_report_parts_,for-each-node,Add for-each-node/Ajouter for-each-node,reporter\" moveroles=\"reporter\" seenoderoles=\"all\" ','',NULL,0x0149B8AC64D14D75A2DC2769EC8776AC,0xE503D2992F864465A27882B8975BB2CD,0,0,0,NULL,NULL,NULL,'asmUnitStructure','asmUnitStructure',NULL,'for-each-portfolio',NULL,NULL,NULL,NULL,1,'2015-05-06 17:11:21',0x39F3B16046734E9EA9DD0EE43ECF754F),(0x4E517B26750B4AD381CEFF22061BE04E,0xF9400F163680479286F1ABFEF3443CBF,NULL,0,'inline=\"Y\" multilingual-node=\"Y\" multilingual-resource=\"Y\" semantictag=\"ref-init\" sharedNode=\"N\" sharedNodeResource=\"N\" sharedResource=\"N\" ','editresroles=\"reporter\" help=\"Separate references by a slash/Séparer les références par une barre oblique&lt;br&gt;\" seenoderoles=\"all\" ','',0x28FF67DC543142E28A235FE893289BC0,0x6487384F4B054F3BBD5007A194DC79F5,0xD4A9142C3E6E4BA3AE0AB23C01457810,0,0,0,NULL,NULL,NULL,'asmContext',NULL,NULL,'ref-init',NULL,NULL,NULL,NULL,1,'2015-05-06 17:11:21',0x39F3B16046734E9EA9DD0EE43ECF754F),(0xCEFD210592A34C6BB589A270D61EB32D,0xF9400F163680479286F1ABFEF3443CBF,NULL,1,'inline=\"Y\" multilingual-node=\"Y\" multilingual-resource=\"Y\" semantictag=\"select\" sharedNode=\"N\" sharedNodeResource=\"N\" sharedResource=\"N\" ','editresroles=\"reporter\" help=\"Example: code*=&apos;2015_work&apos; or code*=portfolio_code/Exemple: code*=&apos;2015_work&apos; oucode*=portfolio_code&lt;br&gt;\" seenoderoles=\"all\" ','',0xC2C950AF4783474581705C18B547F948,0x2593E662A9864AC68362D5AB02EA7F7A,0x0EE5210C26494A97B6A91A59E69648E8,0,0,0,NULL,NULL,NULL,'asmContext',NULL,NULL,'select',NULL,NULL,NULL,NULL,1,'2015-05-06 17:11:21',0x39F3B16046734E9EA9DD0EE43ECF754F),(0xA46A02F21E694C5FA950699E0AC194AD,0x2DE05238FAA949439FE494447D30A0E9,'8c39c70e-3c0d-4b4c-9559-ea87424f9cb8',5,'multilingual-node=\"Y\" semantictag=\"for-each-line\" sharedNode=\"N\" sharedNodeResource=\"N\" ','delnoderoles=\"reporter\" menuroles=\"_karuta_report_parts_,model-table,Add table/Ajouter table,reporter;_karuta_report_parts_,model-row,Add row/Ajouter row,reporter;_karuta_report_parts_,model-cell,Add cell/Ajouter cell,reporter;#line;_karuta_report_parts_,node_resource,Add node_resource/Ajouter node_resource,reporter;_karuta_report_parts_,aggregate,Add aggregate/Ajouter aggregate,reporter;_karuta_report_parts_,text,Add text/Ajouter text,reporter;#line;_karuta_report_parts_,for-each-person,Add for-each-person/Ajouter for-each-person,reporter;_karuta_report_parts_,for-each-portfolio,Add for-each-portfolio/Ajouter for-each-portfolio,reporter\" seenoderoles=\"all\" ','',NULL,0x0724DF169F5B4198B631FF8E54D4AB53,0x87D11012BF5C4C818167CA0C088CB082,0,0,0,NULL,NULL,NULL,'asmUnitStructure','asmUnitStructure',NULL,'for-each-line',NULL,NULL,NULL,NULL,1,'2015-05-06 17:11:21',0x39F3B16046734E9EA9DD0EE43ECF754F),(0x8C39C70E3C0D4B4C9559EA87424F9CB8,0xA46A02F21E694C5FA950699E0AC194AD,NULL,0,'inline=\"Y\" multilingual-node=\"Y\" multilingual-resource=\"Y\" semantictag=\"ref-init\" sharedNode=\"N\" sharedNodeResource=\"N\" sharedResource=\"N\" ','editresroles=\"reporter\" help=\"Separate references by a slash/Séparer les références par une barre oblique&lt;br&gt;\" seenoderoles=\"all\" ','',0x5FF6D41EC89844E083C09CA4458D823A,0xCA9EBD3E8EEC41F9926D36BD06C0A9CE,0xFDF4CD2924654D36AE1A8D43088EB5AF,0,0,0,NULL,NULL,NULL,'asmContext',NULL,NULL,'ref-init',NULL,NULL,NULL,NULL,1,'2015-05-06 17:11:21',0x39F3B16046734E9EA9DD0EE43ECF754F),(0x24733E64972B4225B1B743191C6AD881,0x2DE05238FAA949439FE494447D30A0E9,'72b8a4cf-3410-4f5c-84dc-fd7c999b8858,f69d47e9-0b4e-494f-b11e-1811ead0cce8',6,'multilingual-node=\"Y\" semantictag=\"for-each-node\" sharedNode=\"N\" sharedNodeResource=\"N\" ','delnoderoles=\"reporter\" menuroles=\"_karuta_report_parts_,for-each-node,Add for-each-node/Ajouter for-each-node,reporter;#line;_karuta_report_parts_,model-table,Add table/Ajouter table,reporter;_karuta_report_parts_,model-row,Add row/Ajouter row,reporter;_karuta_report_parts_,model-cell,Add cell/Ajouter cell,reporter;#line;_karuta_report_parts_,node_resource,Add node_resource/Ajouter node_resource,reporter;_karuta_report_parts_,aggregate,Add aggregate/Ajouter aggregate,reporter;_karuta_report_parts_,text,Add text/Ajouter text,reporter\" seenoderoles=\"all\" ','',NULL,0x62C717399585483B916943BF7D680B1F,0xA6BE057317794C3E97EAAFF3FF13C510,0,0,0,NULL,NULL,NULL,'asmUnitStructure','asmUnitStructure',NULL,'for-each-node',NULL,NULL,NULL,NULL,1,'2015-05-06 17:11:21',0x39F3B16046734E9EA9DD0EE43ECF754F),(0x72B8A4CF34104F5C84DCFD7C999B8858,0x24733E64972B4225B1B743191C6AD881,NULL,0,'inline=\"Y\" multilingual-node=\"Y\" multilingual-resource=\"Y\" semantictag=\"ref-init\" sharedNode=\"N\" sharedNodeResource=\"N\" sharedResource=\"N\" ','editresroles=\"reporter\" help=\"Separate references by a slash/Séparer les références par une barre oblique&lt;br&gt;\" seenoderoles=\"all\" ','',0x7BE16BB6CBDB4D138BCDF4FC9DDAE5D0,0x1EDABEF59CA74542BBFACF522C73A0BD,0x38EC9C82E9704BE88649F76F75902446,0,0,0,NULL,NULL,NULL,'asmContext',NULL,NULL,'ref-init',NULL,NULL,NULL,NULL,1,'2015-05-06 17:11:22',0x39F3B16046734E9EA9DD0EE43ECF754F),(0xF69D47E90B4E494FB11E1811EAD0CCE8,0x24733E64972B4225B1B743191C6AD881,'3fd10840-6068-4795-865c-70ffd0a1b746,14e71b1f-b97d-4735-8464-5bc81bddf457',1,'multilingual-node=\"Y\" semantictag=\"asmNop\" sharedNode=\"N\" sharedNodeResource=\"N\" ','seenoderoles=\"all\" ','',NULL,0xEC7FCCC27DF84F9DA7E12BB86F6893D2,0xE51EFBB80C9B45149E45DD8446147A50,0,0,0,NULL,NULL,NULL,'asmUnitStructure','asmUnitStructure',NULL,'asmNop',NULL,NULL,NULL,NULL,1,'2015-05-06 17:11:22',0x39F3B16046734E9EA9DD0EE43ECF754F),(0x3FD1084060684795865C70FFD0A1B746,0xF69D47E90B4E494FB11E1811EAD0CCE8,NULL,0,'inline=\"Y\" multilingual-node=\"Y\" multilingual-resource=\"Y\" semantictag=\"nodetype\" sharedNode=\"N\" sharedNodeResource=\"N\" sharedResource=\"N\" ','editresroles=\"reporter\" query=\"_karuta_report_parts_.typenode.label\" seenoderoles=\"all\" ','',0xB9973271935247F383BC8A3A3FB3F647,0x6D15953A90E940AC814E61A05C314B65,0x70889D1E3D8A430B854DBA7C9AD385C9,0,0,0,NULL,NULL,NULL,'asmContext',NULL,NULL,'nodetype',NULL,NULL,NULL,NULL,1,'2015-05-06 17:11:22',0x39F3B16046734E9EA9DD0EE43ECF754F),(0x14E71B1FB97D473584645BC81BDDF457,0xF69D47E90B4E494FB11E1811EAD0CCE8,NULL,1,'inline=\"Y\" multilingual-node=\"Y\" multilingual-resource=\"Y\" semantictag=\"semtag\" sharedNode=\"N\" sharedNodeResource=\"N\" sharedResource=\"N\" ','editresroles=\"reporter\" seenoderoles=\"all\" ','',0x432A28FDB79D4F418A35AEE4DD46C602,0x18EF2DE3A3B34050B8DB6495FE07CA5D,0x261D798FEF6F452088C18988536E9097,0,0,0,NULL,NULL,NULL,'asmContext',NULL,NULL,'semtag',NULL,NULL,NULL,NULL,1,'2015-05-06 17:11:22',0x39F3B16046734E9EA9DD0EE43ECF754F),(0x3522B6E3C7A34939A84088DDE4A9F36E,0x2DE05238FAA949439FE494447D30A0E9,'f9bb8064-923f-4354-bcd6-fab8bbd44cac,16618990-da46-40cc-88b0-e089f4ecd949,2159ac37-521e-48db-9742-a99c7bc453d8,479099b3-9dc8-4d45-ad8e-22982c2dd91c',7,'multilingual-node=\"Y\" semantictag=\"node_resource\" sharedNode=\"N\" sharedNodeResource=\"N\" ','delnoderoles=\"reporter\" moveroles=\"reporter\" seenoderoles=\"all\" ','',NULL,0xE9B816D58EBE4DA9BAF2F915F8B39017,0x598FDD4E937D412E8DD08F733E669AB3,0,0,0,NULL,NULL,NULL,'asmUnitStructure','asmUnitStructure',NULL,'node_resource',NULL,NULL,NULL,NULL,1,'2015-05-06 17:11:22',0x39F3B16046734E9EA9DD0EE43ECF754F),(0xF9BB8064923F4354BCD6FAB8BBD44CAC,0x3522B6E3C7A34939A84088DDE4A9F36E,NULL,0,'inline=\"Y\" multilingual-node=\"Y\" multilingual-resource=\"Y\" semantictag=\"ref\" sharedNode=\"N\" sharedNodeResource=\"N\" sharedResource=\"N\" ','editresroles=\"reporter\" seenoderoles=\"all\" ','',0xCB2DD2A55E8D4A09837FD634755DBF1A,0x883A76B35ADE4AE4A342D84623FF40DD,0x4EC5B333119F435CB8764C77F7CB8972,0,0,0,NULL,NULL,NULL,'asmContext',NULL,NULL,'ref',NULL,NULL,NULL,NULL,1,'2015-05-06 17:11:22',0x39F3B16046734E9EA9DD0EE43ECF754F),(0x16618990DA4640CC88B0E089F4ECD949,0x3522B6E3C7A34939A84088DDE4A9F36E,NULL,1,'inline=\"Y\" multilingual-node=\"Y\" multilingual-resource=\"Y\" semantictag=\"nodetype\" sharedNode=\"N\" sharedNodeResource=\"N\" sharedResource=\"N\" ','editresroles=\"reporter\" query=\"_karuta_report_parts_.typenode.label\" seenoderoles=\"all\" ','',0xCD3B1CDF715D448C8B14A031A7BF9E30,0xD7FB480BDF4340049F3A4BFB6725FFE2,0x429F281C38B848AF92508F671E3DAEB3,0,0,0,NULL,NULL,NULL,'asmContext',NULL,NULL,'nodetype',NULL,NULL,NULL,NULL,1,'2015-05-06 17:11:22',0x39F3B16046734E9EA9DD0EE43ECF754F),(0x2159AC37521E48DB9742A99C7BC453D8,0x3522B6E3C7A34939A84088DDE4A9F36E,NULL,2,'inline=\"Y\" multilingual-node=\"Y\" multilingual-resource=\"Y\" semantictag=\"todisplay\" sharedNode=\"N\" sharedNodeResource=\"N\" sharedResource=\"N\" ','editresroles=\"reporter\" query=\"_karuta_report_parts_.todisplay.label\" seenoderoles=\"all\" ','',0x4F90FB5083BB4A53997C19A762842004,0x7B5D4A2B7C9C4D4A88533549291A2DB4,0x2C8C2E7BD8B64F7B82FD918A1076B021,0,0,0,NULL,NULL,NULL,'asmContext',NULL,NULL,'todisplay',NULL,NULL,NULL,NULL,1,'2015-05-06 17:11:22',0x39F3B16046734E9EA9DD0EE43ECF754F),(0x479099B39DC84D45AD8E22982C2DD91C,0x3522B6E3C7A34939A84088DDE4A9F36E,NULL,3,'inline=\"Y\" multilingual-node=\"Y\" multilingual-resource=\"Y\" semantictag=\"semtag\" sharedNode=\"N\" sharedNodeResource=\"N\" sharedResource=\"N\" ','editresroles=\"reporter\" seenoderoles=\"all\" ','',0xCBCB9A9E8CC34343AB5E855A5C0C9E90,0x97F89F993EE24501804AB696213DE713,0xF6139B0F44AA449CAD359C141AFE4CEB,0,0,0,NULL,NULL,NULL,'asmContext',NULL,NULL,'semtag',NULL,NULL,NULL,NULL,1,'2015-05-06 17:11:22',0x39F3B16046734E9EA9DD0EE43ECF754F),(0x5118C094387B4031A93EF1DD213069B3,0x2DE05238FAA949439FE494447D30A0E9,'6445298c-7702-48af-a017-c46ee07d0c46,96350863-b7c0-4e12-95f4-b34db9337bd0,9229c47d-2230-4a77-8b51-8bc557dd1c05',8,'multilingual-node=\"Y\" semantictag=\"aggregate\" sharedNode=\"N\" sharedNodeResource=\"N\" ','delnoderoles=\"reporter\" seenoderoles=\"all\" ','',NULL,0x4243CCE563B342FC925BF3E394F5F130,0x720C20E532C044B59FD8F9D7FBBEC7F4,0,0,0,NULL,NULL,NULL,'asmUnitStructure','asmUnitStructure',NULL,'aggregate',NULL,NULL,NULL,NULL,1,'2015-05-06 17:11:22',0x39F3B16046734E9EA9DD0EE43ECF754F),(0x6445298C770248AFA017C46EE07D0C46,0x5118C094387B4031A93EF1DD213069B3,NULL,0,'inline=\"Y\" multilingual-node=\"Y\" multilingual-resource=\"Y\" semantictag=\"ref\" sharedNode=\"N\" sharedNodeResource=\"N\" sharedResource=\"N\" ','editresroles=\"reporter\" seenoderoles=\"all\" ','',0xA70CD7E15BAD41C6A2A01E252D42D4D0,0x3EA834CEB0E948D69FBAE83FD773D73D,0x7258067B6A2444B7BF8B36619D6D4208,0,0,0,NULL,NULL,NULL,'asmContext',NULL,NULL,'ref',NULL,NULL,NULL,NULL,1,'2015-05-06 17:11:22',0x39F3B16046734E9EA9DD0EE43ECF754F),(0x96350863B7C04E1295F4B34DB9337BD0,0x5118C094387B4031A93EF1DD213069B3,NULL,1,'inline=\"Y\" multilingual-node=\"Y\" multilingual-resource=\"Y\" semantictag=\"aggregatetype\" sharedNode=\"N\" sharedNodeResource=\"N\" sharedResource=\"N\" ','editresroles=\"reporter\" query=\"_karuta_report_parts_.aggregationtype.label\" seenoderoles=\"all\" ','',0xF6493ABCF4EE4B36A027A211ACB61AA4,0x2F3A8EC4B8344276A5E81168FCA2AE79,0xB22994C4359941658CF99094F1C3EE68,0,0,0,NULL,NULL,NULL,'asmContext',NULL,NULL,'aggregatetype',NULL,NULL,NULL,NULL,1,'2015-05-06 17:11:22',0x39F3B16046734E9EA9DD0EE43ECF754F),(0x9229C47D22304A778B518BC557DD1C05,0x5118C094387B4031A93EF1DD213069B3,NULL,2,'inline=\"Y\" multilingual-node=\"Y\" multilingual-resource=\"Y\" semantictag=\"aggregationselect\" sharedNode=\"N\" sharedNodeResource=\"N\" sharedResource=\"N\" ','editresroles=\"reporter\" seenoderoles=\"all\" ','',0xE74BCE91BB714B09A111E36E828EE6D5,0xB370C522F84A42FDA34236397E689C66,0xE49786D9B8564DE9A96DBB72578B32FC,0,0,0,NULL,NULL,NULL,'asmContext',NULL,NULL,'aggregationselect',NULL,NULL,NULL,NULL,1,'2015-05-06 17:11:22',0x39F3B16046734E9EA9DD0EE43ECF754F),(0xA896A21E8A9B4A82ADCCBAC67EF9A9F9,0x2DE05238FAA949439FE494447D30A0E9,'a0e6db83-4f16-4608-967c-d1e0c7b198d2',9,'multilingual-node=\"Y\" semantictag=\"text\" sharedNode=\"N\" sharedNodeResource=\"N\" ','delnoderoles=\"reporter\" seenoderoles=\"all\" ','',NULL,0x6BBA7ADA43D44FB3AFCC435807510517,0xE263765772F8460196AAAB6C6CDF857D,0,0,0,NULL,NULL,NULL,'asmUnitStructure','asmUnitStructure',NULL,'text',NULL,NULL,NULL,NULL,1,'2015-05-06 17:11:22',0x39F3B16046734E9EA9DD0EE43ECF754F),(0xA0E6DB834F164608967CD1E0C7B198D2,0xA896A21E8A9B4A82ADCCBAC67EF9A9F9,NULL,0,'inline=\"Y\" multilingual-node=\"Y\" multilingual-resource=\"Y\" semantictag=\"text-value\" sharedNode=\"N\" sharedNodeResource=\"N\" sharedResource=\"N\" ','editresroles=\"reporter\" help=\"Type &amp;amp;nbsp; for a space/Tapez &amp;amp;nbsp; pour un espace&lt;br&gt;\" seenoderoles=\"all\" ','',0xFEAA6B3D324C40D49C6DA07068086259,0x2CBE162C2FDD48A082E70806D1FEACEC,0x4668364C69A9433F9B0658565D7C8BBF,0,0,0,NULL,NULL,NULL,'asmContext',NULL,NULL,'text-value',NULL,NULL,NULL,NULL,1,'2015-05-06 17:11:22',0x39F3B16046734E9EA9DD0EE43ECF754F),(0x891D70A907924AFF93255647010CA8AE,NULL,'576fbf3e-3053-4c38-9767-db215b07c327,a6972ccc-e0d7-4309-ab9b-82a706ebe3fe',0,'display-type=\"model\" multilingual-node=\"Y\" semantictag=\"root report\" sharedNode=\"N\" sharedResource=\"N\" ','menuroles=\"_karuta_report_parts_,for-each-line,Add for-each-line/Ajouter for-each-line,reporter;_karuta_report_parts_,model-table,Add table/Ajouter table,reporter;_karuta_report_parts_,for-each-person,Add for-each-person/Ajouter for-each-person,reporter;_karuta_report_parts_,for-each-portfolio,Add for-each-portfolio/Ajouter for-each-portfolio,reporter\" seenoderoles=\"all reporter\" ','',NULL,0x9A050A9820784F2CAD593FCC08860469,0xB49D30C336AF4C37B245D529E269DF6C,0,0,0,NULL,NULL,NULL,'asmRoot',NULL,NULL,'root report',NULL,'_karuta_report_model_',NULL,NULL,1,'2015-05-06 17:11:34',0x96E193C697A94461B3098ABFB31A89A2),(0x576FBF3E30534C389767DB215B07C327,0x891D70A907924AFF93255647010CA8AE,NULL,0,'multilingual-node=\"Y\" semantictag=\"TextField\" sharedNode=\"N\" sharedNodeResource=\"N\" sharedResource=\"N\" ','editresroles=\"reporter\" seenoderoles=\"all\" ','',0x1626D85DD5C647A4B2D69F1B5E89A73D,0xB23301EADA3241009B9F60F6B8C9C424,0x6868A9DE35E24BA6918C39CEF6D95466,0,0,0,NULL,NULL,NULL,'asmContext',NULL,NULL,'TextField',NULL,NULL,NULL,NULL,1,'2015-05-06 17:11:34',0x96E193C697A94461B3098ABFB31A89A2),(0xA6972CCCE0D74309AB9B82A706EBE3FE,0x891D70A907924AFF93255647010CA8AE,NULL,1,'multilingual-node=\"Y\" semantictag=\"Document\" sharedNode=\"N\" sharedNodeResource=\"N\" sharedResource=\"N\" ','editresroles=\"reporter\" seenoderoles=\"all\" ','',0xB9204FED6C9B49178C559D36EFBEE408,0xD4F2967CA84145A4950B8501E6369BAD,0xFB666E6D57E74F3EB9483AACC9DF221F,0,0,0,NULL,NULL,NULL,'asmContext',NULL,NULL,'Document',NULL,NULL,NULL,NULL,1,'2015-05-06 17:11:34',0x96E193C697A94461B3098ABFB31A89A2),(0xF5AADA93BA67465FA40FA521F80B5E3E,NULL,'2494e89e-b9c0-48a0-b858-208f2e0d4f35,9e61cc20-73d3-48b5-a68a-188edfa7cd9b',0,'multilingual-node=\"Y\" public=\"Y\" semantictag=\"root _karuta_batch_parts_\" sharedNode=\"N\" sharedResource=\"N\" ','seenoderoles=\"all\" ','',NULL,0xBAE6E93F08CA4829B8527F8D2E5D776F,0x18632C3AB5FF42D8B44F452AF47A9751,0,0,0,NULL,NULL,NULL,'asmRoot',NULL,NULL,'root _karuta_batch_parts_',NULL,'_karuta_batch_parts_',NULL,NULL,1,'2015-05-06 17:11:45',0xA41729A525BD470085E300D5019BF5E5),(0x2494E89EB9C048A0B858208F2E0D4F35,0xF5AADA93BA67465FA40FA521F80B5E3E,'54f5659a-48e0-4923-bfd5-a0013e8a58da',0,'multilingual-node=\"Y\" semantictag=\"asmUnit\" sharedNode=\"N\" sharedNodeResource=\"N\" ','seenoderoles=\"all\" ','',NULL,0xA18CD9D1C29644739D9B3326EFC15EC9,0x1A4744B05CE54E43BA07F2221DBD2057,0,0,0,NULL,NULL,NULL,'asmUnit','asmUnit',NULL,'asmUnit',NULL,NULL,NULL,NULL,1,'2015-05-06 17:11:45',0xA41729A525BD470085E300D5019BF5E5),(0x54F5659A48E04923BFD5A0013E8A58DA,0x2494E89EB9C048A0B858208F2E0D4F35,'1c632821-66bd-4466-a632-01393149450a,280f602e-055c-41ac-9010-c386a850bf4e',0,'multilingual-node=\"Y\" semantictag=\"asmUnitStructure\" sharedNode=\"N\" sharedNodeResource=\"N\" ','seenoderoles=\"all\" ','',NULL,0x8103829DBE644F619E7F53B3339CFC63,0x5C8875E09721443E95DB245DD5B2C3CB,0,0,0,NULL,NULL,NULL,'asmUnitStructure','asmUnitStructure',NULL,'asmUnitStructure',NULL,NULL,NULL,NULL,1,'2015-05-06 17:11:45',0xA41729A525BD470085E300D5019BF5E5),(0x1C63282166BD4466A63201393149450A,0x54F5659A48E04923BFD5A0013E8A58DA,NULL,0,'multilingual-node=\"Y\" semantictag=\"yes_no\" sharedNode=\"N\" sharedNodeResource=\"N\" sharedResource=\"N\" ','seenoderoles=\"all\" ','',0x3A3AB155AD804232AAC0EF958A6835EB,0x2E5B62F276BC41D39436E57FDFFD1D6C,0x1F19C77A77DE4158B05F3FFD2998592B,0,0,0,NULL,NULL,NULL,'asmContext',NULL,NULL,'yes_no',NULL,NULL,NULL,NULL,1,'2015-05-06 17:11:45',0xA41729A525BD470085E300D5019BF5E5),(0x280F602E055C41AC9010C386A850BF4E,0x54F5659A48E04923BFD5A0013E8A58DA,NULL,1,'multilingual-node=\"Y\" semantictag=\"yes_no\" sharedNode=\"N\" sharedNodeResource=\"N\" sharedResource=\"N\" ','seenoderoles=\"all\" ','',0xDB0C75AEBF7A41198BECC166959B761B,0x76B97C0746F5475795547E0E1104AFEE,0xEF54835A4D3B4B7CBD9D4F0E87668150,0,0,0,NULL,NULL,NULL,'asmContext',NULL,NULL,'yes_no',NULL,NULL,NULL,NULL,1,'2015-05-06 17:11:45',0xA41729A525BD470085E300D5019BF5E5),(0x9E61CC2073D348B5A68A188EDFA7CD9B,0xF5AADA93BA67465FA40FA521F80B5E3E,'096db485-ee97-45be-b601-7714819eb541,4455860c-c53c-451d-8897-ae6e13daa78b,d80bbbed-4d95-41e5-a8eb-3638ce936e53,faa55c8e-7e19-4efa-b725-ba1c741440eb,a70f7324-c7e0-4e7e-8d91-a157c56d09dd,20640ab1-94f0-445a-aad4-945bd76c4bbc,acd3e3b0-bf7a-4d3f-973d-f39ae629693a,67060280-5069-47fb-a37a-19641f11c1ee,9cee0388-3ded-4e1d-9e75-0e98e88d6023,0f87db3f-e7c2-4f48-bd21-9919d7ce02cb',1,'multilingual-node=\"Y\" semantictag=\"_karuta_batch-unit\" sharedNode=\"N\" sharedNodeResource=\"N\" ','seenoderoles=\"all\" ','',NULL,0x7A25E2BDB4ED4D79AF7611F2B4B478AD,0x142140F332E4485295193F358B787B78,0,0,0,NULL,NULL,NULL,'asmUnit','asmUnit',NULL,'_karuta_batch-unit',NULL,NULL,NULL,NULL,1,'2015-05-06 17:11:45',0xA41729A525BD470085E300D5019BF5E5),(0x096DB485EE9745BEB6017714819EB541,0x9E61CC2073D348B5A68A188EDFA7CD9B,'d492f78d-d3cd-4eac-ada2-26b645604afc',0,'multilingual-node=\"Y\" semantictag=\"asmUnitStructure\" sharedNode=\"N\" sharedNodeResource=\"N\" ','seenoderoles=\"all\" ','',NULL,0x7073811819E04B989B9DF8623FCA1F4F,0x1A1F4DC7488E496EB7ED3969FB17D1D0,0,0,0,NULL,NULL,NULL,'asmUnitStructure','asmUnitStructure',NULL,'asmUnitStructure',NULL,NULL,NULL,NULL,1,'2015-05-06 17:11:45',0xA41729A525BD470085E300D5019BF5E5),(0xD492F78DD3CD4EACADA226B645604AFC,0x096DB485EE9745BEB6017714819EB541,NULL,0,'inline=\"Y\" multilingual-node=\"Y\" multilingual-resource=\"Y\" semantictag=\"txtval\" sharedNode=\"N\" sharedNodeResource=\"N\" sharedResource=\"N\" ','delnoderoles=\"batcher\" editresroles=\"batcher\" help=\"Type &amp;amp;nbsp; for a space/Tapez &amp;amp;nbsp; pour un espace&lt;br&gt;\" seenoderoles=\"all\" ','',0x87F8639FA4484718A72B318EA1076A05,0x85CC83B32ED6454FA81A38D6B7B1B19D,0x0E763CB962604CC7B474A2317A617653,0,0,0,NULL,NULL,NULL,'asmContext',NULL,NULL,'txtval',NULL,NULL,NULL,NULL,1,'2015-05-06 17:11:45',0xA41729A525BD470085E300D5019BF5E5),(0x4455860CC53C451D8897AE6E13DAA78B,0x9E61CC2073D348B5A68A188EDFA7CD9B,'9a10b3aa-e2d3-41f3-92e5-acbf0664965d',1,'multilingual-node=\"Y\" semantictag=\"asmUnitStructure\" sharedNode=\"N\" sharedNodeResource=\"N\" ','seenoderoles=\"all\" ','',NULL,0x3F21865DDAD8462B8F78C24A3A90FFD4,0x09373DD576F145E9887A411DC5B9006D,0,0,0,NULL,NULL,NULL,'asmUnitStructure','asmUnitStructure',NULL,'asmUnitStructure',NULL,NULL,NULL,NULL,1,'2015-05-06 17:11:45',0xA41729A525BD470085E300D5019BF5E5),(0x9A10B3AAE2D341F392E5ACBF0664965D,0x4455860CC53C451D8897AE6E13DAA78B,NULL,0,'inline=\"Y\" multilingual-node=\"Y\" multilingual-resource=\"Y\" semantictag=\"txtsel\" sharedNode=\"N\" sharedNodeResource=\"N\" sharedResource=\"N\" ','delnoderoles=\"batcher\" editresroles=\"batcher\" seenoderoles=\"all\" ','',0x7CF9D26BAC394AA78E3C334E64184B6C,0xD605FAA52D784499875F5728044B4D94,0x62435FAA77C34AA39BE29C27BC85E7D5,0,0,0,NULL,NULL,NULL,'asmContext',NULL,NULL,'txtsel',NULL,NULL,NULL,NULL,1,'2015-05-06 17:11:45',0xA41729A525BD470085E300D5019BF5E5),(0xD80BBBED4D9541E5A8EB3638CE936E53,0x9E61CC2073D348B5A68A188EDFA7CD9B,NULL,2,'multilingual-node=\"Y\" semantictag=\"for-each-line\" sharedNode=\"N\" sharedNodeResource=\"N\" ','delnoderoles=\"batcher\" menuroles=\"_karuta_batch_parts_,create-person,Add create-person/Ajouter create-person,batcher;#line;_karuta_batch_parts_,create-tree,Add create-tree/Ajouter create-tree,batcher;_karuta_batch_parts_,select-tree,Add select-tree/Ajouter select-tree,batcher;_karuta_batch_parts_,share-tree,Add share-tree/Ajouter share-tree,batcher;_karuta_batch_parts_,delete-tree,Add delete-tree/Ajouter delete-tree,batcher;#line;_karuta_batch_parts_,update-field,Add update-field/Ajouter update-field,batcher;_karuta_batch_parts_,update-proxy,Add update-proxy/Ajouter update-proxy,batcher\" seenoderoles=\"all\" ','',NULL,0x139CDF77E01B40D79092CCE6352DB0DF,0xB63910F030204810A29C836857D88807,0,0,0,NULL,NULL,NULL,'asmUnitStructure','asmUnitStructure',NULL,'for-each-line',NULL,NULL,NULL,NULL,1,'2015-05-06 17:11:45',0xA41729A525BD470085E300D5019BF5E5),(0xFAA55C8E7E194EFAB725BA1C741440EB,0x9E61CC2073D348B5A68A188EDFA7CD9B,'fc567e74-da1a-41f4-9835-1ef17b30c7cd,a73f737e-e581-47b0-a532-a137580bd342,6aaf593f-ad3c-49f6-8cbe-8385877f681e,e20d0e35-849b-45a5-b2f9-25f81fff9b10,0fea1355-17c6-4684-8a0d-50106b506e8a,d4417523-3415-47a9-a6cf-1980bdeb292d',3,'multilingual-node=\"Y\" semantictag=\"create-person\" sharedNode=\"N\" sharedNodeResource=\"N\" ','delnoderoles=\"batcher\" seenoderoles=\"all\" ','',NULL,0xF162A4AF53EB482888850643AFCA54FF,0x2D1B199B578545659FAEA56F3F3D453F,0,0,0,NULL,NULL,NULL,'asmUnitStructure','asmUnitStructure',NULL,'create-person',NULL,NULL,NULL,NULL,1,'2015-05-06 17:11:45',0xA41729A525BD470085E300D5019BF5E5),(0xFC567E74DA1A41F498351EF17B30C7CD,0xFAA55C8E7E194EFAB725BA1C741440EB,NULL,0,'inline=\"Y\" multilingual-node=\"Y\" multilingual-resource=\"Y\" semantictag=\"identifier\" sharedNode=\"N\" sharedNodeResource=\"N\" sharedResource=\"N\" ','delnoderoles=\"\" editresroles=\"batcher\" seenoderoles=\"all\" ','',0xFD488D80232D4158BC99FDD77B92F54A,0xE47EA6968F2F4FE881E9E524355F81C5,0xF63977E8AD92407F82C98A68C1376385,0,0,0,NULL,NULL,NULL,'asmContext',NULL,NULL,'identifier',NULL,NULL,NULL,NULL,1,'2015-05-06 17:11:45',0xA41729A525BD470085E300D5019BF5E5),(0xA73F737EE58147B0A532A137580BD342,0xFAA55C8E7E194EFAB725BA1C741440EB,NULL,1,'inline=\"Y\" multilingual-node=\"Y\" multilingual-resource=\"Y\" semantictag=\"firstname\" sharedNode=\"N\" sharedNodeResource=\"N\" sharedResource=\"N\" ','delnoderoles=\"\" editresroles=\"batcher\" seenoderoles=\"all\" ','',0x6279BD0E10CA42B0B9AEB603AC155381,0x0939DF6448D14610BC724BFBCFB6D0CD,0xA9EE44E1680745369791F47C8E526BBA,0,0,0,NULL,NULL,NULL,'asmContext',NULL,NULL,'firstname',NULL,NULL,NULL,NULL,1,'2015-05-06 17:11:45',0xA41729A525BD470085E300D5019BF5E5),(0x6AAF593FAD3C49F68CBE8385877F681E,0xFAA55C8E7E194EFAB725BA1C741440EB,NULL,2,'inline=\"Y\" multilingual-node=\"Y\" multilingual-resource=\"Y\" semantictag=\"lastname\" sharedNode=\"N\" sharedNodeResource=\"N\" sharedResource=\"N\" ','delnoderoles=\"\" editresroles=\"batcher\" seenoderoles=\"all\" ','',0x67F17658DAB34F24B9D7BDBA1B7760E1,0x81D11409DF0D4CDF8206282CEFDD4B41,0x0487CECFF58D48ECB2174C29A5EC7B2C,0,0,0,NULL,NULL,NULL,'asmContext',NULL,NULL,'lastname',NULL,NULL,NULL,NULL,1,'2015-05-06 17:11:45',0xA41729A525BD470085E300D5019BF5E5),(0xE20D0E35849B45A5B2F925F81FFF9B10,0xFAA55C8E7E194EFAB725BA1C741440EB,NULL,3,'inline=\"Y\" multilingual-node=\"Y\" multilingual-resource=\"Y\" semantictag=\"email\" sharedNode=\"N\" sharedNodeResource=\"N\" sharedResource=\"N\" ','delnoderoles=\"\" editresroles=\"batcher\" seenoderoles=\"all\" ','',0x59EB5F248EE143B996D04568A6E1C17C,0x6382507AE95B4209B731B07B82361886,0x9EDF3A7BF6D84FF59A208009795DEB72,0,0,0,NULL,NULL,NULL,'asmContext',NULL,NULL,'email',NULL,NULL,NULL,NULL,1,'2015-05-06 17:11:45',0xA41729A525BD470085E300D5019BF5E5),(0x0FEA135517C646848A0D50106B506E8A,0xFAA55C8E7E194EFAB725BA1C741440EB,NULL,4,'inline=\"Y\" multilingual-node=\"Y\" multilingual-resource=\"Y\" semantictag=\"password\" sharedNode=\"N\" sharedNodeResource=\"N\" sharedResource=\"N\" ','editresroles=\"batcher\" seenoderoles=\"all\" ','',0xA3030F237F84417297B6825FC942DDEC,0x6AF858B5557F452FBF870E01A07419F8,0x94AC60F3E389491C9636F6438F1B6CD4,0,0,0,NULL,NULL,NULL,'asmContext',NULL,NULL,'password',NULL,NULL,NULL,NULL,1,'2015-05-06 17:11:46',0xA41729A525BD470085E300D5019BF5E5),(0xD4417523341547A9A6CF1980BDEB292D,0xFAA55C8E7E194EFAB725BA1C741440EB,NULL,5,'inline=\"Y\" multilingual-node=\"Y\" multilingual-resource=\"Y\" semantictag=\"designer\" sharedNode=\"N\" sharedNodeResource=\"N\" sharedResource=\"N\" ','editresroles=\"batcher\" query=\"_karuta_batch_parts_.yes_no.label\" seenoderoles=\"all\" ','',0x9BE394405F3C4A099FD537BEB4A44AE7,0xBBD418BE31CB4430B8252FAC2BC1CEEF,0xBC87B96522724ED8AFEA7EE3C9B3FD91,0,0,0,NULL,NULL,NULL,'asmContext',NULL,NULL,'designer',NULL,NULL,NULL,NULL,1,'2015-05-06 17:11:46',0xA41729A525BD470085E300D5019BF5E5),(0xA70F7324C7E04E7E8D91A157C56D09DD,0x9E61CC2073D348B5A68A188EDFA7CD9B,'79f141bb-f223-45d1-9140-d23299dc519e,3abfa004-0da6-461e-a6b0-6db5afebe2f8,fcbae1a4-2c20-41a5-865a-877318eeccb6,a9ee93e4-c88f-4599-8c7f-d65fd8146b1f',4,'multilingual-node=\"Y\" semantictag=\"create-tree\" sharedNode=\"N\" sharedNodeResource=\"N\" ','delnoderoles=\"batcher\" seenoderoles=\"all\" ','',NULL,0x85011F8376674D4E8ADAA7DACD7D58ED,0xE3460A9AA2624D7DB930E099BB090217,0,0,0,NULL,NULL,NULL,'asmUnitStructure','asmUnitStructure',NULL,'create-tree',NULL,NULL,NULL,NULL,1,'2015-05-06 17:11:46',0xA41729A525BD470085E300D5019BF5E5),(0x79F141BBF22345D19140D23299DC519E,0xA70F7324C7E04E7E8D91A157C56D09DD,NULL,0,'inline=\"Y\" multilingual-node=\"Y\" multilingual-resource=\"Y\" semantictag=\"treeid\" sharedNode=\"N\" sharedNodeResource=\"N\" sharedResource=\"N\" ','editresroles=\"batcher\" help=\"To be used in share-tree select/Utilisé dans share-tree select&lt;br&gt;\" seenoderoles=\"all\" ','',0x70D1074E7E1F4C9EBE518F1443871BA0,0xC97B69AE01E24A618F714B79E72C5A96,0xE70FF944234F4D2D9D4017F1DE8EC01B,0,0,0,NULL,NULL,NULL,'asmContext',NULL,NULL,'treeid',NULL,NULL,NULL,NULL,1,'2015-05-06 17:11:46',0xA41729A525BD470085E300D5019BF5E5),(0x3ABFA0040DA6461EA6B06DB5AFEBE2F8,0xA70F7324C7E04E7E8D91A157C56D09DD,'f2a1b560-132a-4162-ad2a-5b4dbd0b7be6',1,'multilingual-node=\"Y\" semantictag=\"tree-template\" sharedNode=\"N\" sharedNodeResource=\"N\" ','help=\"\" menuroles=\"_karuta_batch_parts_,txtval,Add txtval/Ajouter txtval,batcher;_karuta_batch_parts_,txtsel,Add txtsel/Ajouter txtsel,batcher\" seenoderoles=\"all\" ','',NULL,0xBC44DE11EC944FAE85169372220CEE90,0x224D564878F2488FB13F4C377D0FF2F8,0,0,0,NULL,NULL,NULL,'asmUnitStructure','asmUnitStructure',NULL,'tree-template',NULL,NULL,NULL,NULL,1,'2015-05-06 17:11:46',0xA41729A525BD470085E300D5019BF5E5),(0xF2A1B560132A4162AD2A5B4DBD0B7BE6,0x3ABFA0040DA6461EA6B06DB5AFEBE2F8,NULL,0,'inline=\"Y\" multilingual-node=\"Y\" multilingual-resource=\"Y\" semantictag=\"txtsel\" sharedNode=\"N\" sharedNodeResource=\"N\" sharedResource=\"N\" ','delnoderoles=\"batcher\" editresroles=\"batcher\" seenoderoles=\"all\" ','',0xA6EE64FA3EBA43F8B722945B7204E037,0x721F7D3946B840AAA5B4E5BBD5855725,0xFEA1F462061548ECAF05D900177CFAA7,0,0,0,NULL,NULL,NULL,'asmContext',NULL,NULL,'txtsel',NULL,NULL,NULL,NULL,1,'2015-05-06 17:11:46',0xA41729A525BD470085E300D5019BF5E5),(0xFCBAE1A42C2041A5865A877318EECCB6,0xA70F7324C7E04E7E8D91A157C56D09DD,NULL,2,'multilingual-node=\"Y\" semantictag=\"tree-code\" sharedNode=\"N\" sharedNodeResource=\"N\" ','menuroles=\"_karuta_batch_parts_,txtval,Add txtval/Ajouter txtval,batcher;_karuta_batch_parts_,txtsel,Add txtsel/Ajouter txtsel,batcher\" seenoderoles=\"all\" ','',NULL,0x55E5E61B4F724A8A84DB81BB69025B50,0xE2CA706AC7A048729405FE2EBB9EE8A2,0,0,0,NULL,NULL,NULL,'asmUnitStructure','asmUnitStructure',NULL,'tree-code',NULL,NULL,NULL,NULL,1,'2015-05-06 17:11:46',0xA41729A525BD470085E300D5019BF5E5),(0xA9EE93E4C88F45998C7FD65FD8146B1F,0xA70F7324C7E04E7E8D91A157C56D09DD,NULL,3,'multilingual-node=\"Y\" semantictag=\"tree-label\" sharedNode=\"N\" sharedNodeResource=\"N\" ','menuroles=\"_karuta_batch_parts_,txtval,Add txtval/Ajouter txtval,batcher;_karuta_batch_parts_,txtsel,Add txtsel/Ajouter txtsel,batcher\" seenoderoles=\"all\" ','',NULL,0xB6C94176E75D4C46B4BFF26735572A8D,0xDA9EE47B2350420D822BD9D82630B173,0,0,0,NULL,NULL,NULL,'asmUnitStructure','asmUnitStructure',NULL,'tree-label',NULL,NULL,NULL,NULL,1,'2015-05-06 17:11:46',0xA41729A525BD470085E300D5019BF5E5),(0x20640AB194F0445AAAD4945BD76C4BBC,0x9E61CC2073D348B5A68A188EDFA7CD9B,'7b0f59d2-a9a0-4001-929d-2180f9640ea2,60e3d002-7a17-455c-8f5d-1cb81a2aeb48',5,'multilingual-node=\"Y\" semantictag=\"select-tree\" sharedNode=\"N\" sharedNodeResource=\"N\" ','delnoderoles=\"batcher\" seenoderoles=\"all\" ','',NULL,0x17A11C25FD3B4AEBABD3A8D8361E7760,0x5AF44C63AC284F6EA19E37DC7E6BF23D,0,0,0,NULL,NULL,NULL,'asmUnitStructure','asmUnitStructure',NULL,'select-tree',NULL,NULL,NULL,NULL,1,'2015-05-06 17:11:46',0xA41729A525BD470085E300D5019BF5E5),(0x7B0F59D2A9A04001929D2180F9640EA2,0x20640AB194F0445AAAD4945BD76C4BBC,NULL,0,'inline=\"Y\" multilingual-node=\"Y\" multilingual-resource=\"Y\" semantictag=\"treeid\" sharedNode=\"N\" sharedNodeResource=\"N\" sharedResource=\"N\" ','editresroles=\"batcher\" help=\"To be used in share-tree select/Utilisé dans share-tree select&lt;br&gt;\" seenoderoles=\"all\" ','',0xDF5BD9CB37E743FF9C6CA6B4E50E2580,0x6EA98F17F7F64A1F9A2FB8B3F71B9D78,0xE23FA21D37D34D9AB25EFAF6966B79B7,0,0,0,NULL,NULL,NULL,'asmContext',NULL,NULL,'treeid',NULL,NULL,NULL,NULL,1,'2015-05-06 17:11:46',0xA41729A525BD470085E300D5019BF5E5),(0x60E3D0027A17455C8F5D1CB81A2AEB48,0x20640AB194F0445AAAD4945BD76C4BBC,'23d5f620-513b-4b2b-885c-444ba8ac4600',1,'multilingual-node=\"Y\" semantictag=\"code\" sharedNode=\"N\" sharedNodeResource=\"N\" ','help=\"Select OR Value/Select OU Value&lt;br&gt;\" menuroles=\"_karuta_batch_parts_,txtval,Add txtval/Ajouter txtval,batcher;_karuta_batch_parts_,txtsel,Add txtsel/Ajouter txtsel,batcher\" seenoderoles=\"all\" ','',NULL,0xE86B5D8364894B70833EEC866762C185,0xC1B7E9B8483E4B1BB13F6B02D789891B,0,0,0,NULL,NULL,NULL,'asmUnitStructure','asmUnitStructure',NULL,'code',NULL,NULL,NULL,NULL,1,'2015-05-06 17:11:46',0xA41729A525BD470085E300D5019BF5E5),(0x23D5F620513B4B2B885C444BA8AC4600,0x60E3D0027A17455C8F5D1CB81A2AEB48,NULL,0,'inline=\"Y\" multilingual-node=\"Y\" semantictag=\"txtsel\" sharedNode=\"N\" sharedNodeResource=\"N\" sharedResource=\"N\" ','delnoderoles=\"batcher\" editresroles=\"batcher\" seenoderoles=\"all\" ','',0x6490060BF5B7454E9652148077C9C0C1,0xCFBDC2857FBD4D74B7F957FA9ABF3299,0xA0539DB08D9A4280A3EF04625FACF707,0,0,0,NULL,NULL,NULL,'asmContext',NULL,NULL,'txtsel',NULL,NULL,NULL,NULL,1,'2015-05-06 17:11:46',0xA41729A525BD470085E300D5019BF5E5),(0xACD3E3B0BF7A4D3F973DF39AE629693A,0x9E61CC2073D348B5A68A188EDFA7CD9B,'27ab789e-4259-4753-a40e-fbdae4a50fd8,4c59fded-2f46-4668-b615-a28639eefefc,82869dcf-9c20-460c-9dd2-c1c93d67950a',6,'multilingual-node=\"Y\" semantictag=\"share-tree\" sharedNode=\"N\" sharedNodeResource=\"N\" ','delnoderoles=\"batcher\" seenoderoles=\"all\" ','',NULL,0x83C18C13B97D4E2F922A2CA2BDDD6665,0xD54C506FCD1C45839A5C8DDF6601AB8A,0,0,0,NULL,NULL,NULL,'asmUnitStructure','asmUnitStructure',NULL,'share-tree',NULL,NULL,NULL,NULL,1,'2015-05-06 17:11:46',0xA41729A525BD470085E300D5019BF5E5),(0x27AB789E42594753A40EFBDAE4A50FD8,0xACD3E3B0BF7A4D3F973DF39AE629693A,NULL,0,'inline=\"N\" multilingual-node=\"Y\" semantictag=\"tree-select\" sharedNode=\"N\" sharedNodeResource=\"N\" sharedResource=\"N\" ','editresroles=\"batcher\" query=\"self.treeid.text\" seenoderoles=\"all\" ','',0xB5454FFCA5184F17AFC9A7939C998942,0xF665068CD0F64A969E14A5E941E2EC3F,0xEFF12506A44942779DA05780C0518074,0,0,0,NULL,NULL,NULL,'asmContext',NULL,NULL,'tree-select',NULL,NULL,NULL,NULL,1,'2015-05-06 17:11:46',0xA41729A525BD470085E300D5019BF5E5),(0x4C59FDED2F464668B615A28639EEFEFC,0xACD3E3B0BF7A4D3F973DF39AE629693A,'3a65f6a8-6876-4d61-967e-363f8c332497',1,'multilingual-node=\"Y\" semantictag=\"person\" sharedNode=\"N\" sharedNodeResource=\"N\" ','help=\"Select OR Value/Select OU Value&lt;br&gt;\" menuroles=\"_karuta_batch_parts_,txtval,Add txtval/Ajouter txtval,batcher;_karuta_batch_parts_,txtsel,Add txtsel/Ajouter txtsel,batcher\" seenoderoles=\"all\" ','',NULL,0x89A5F843250A4F43BEA2A4D05C2E75ED,0x027F2E5D7F984C599A4FF560AFDBC2B0,0,0,0,NULL,NULL,NULL,'asmUnitStructure','asmUnitStructure',NULL,'person',NULL,NULL,NULL,NULL,1,'2015-05-06 17:11:46',0xA41729A525BD470085E300D5019BF5E5),(0x3A65F6A868764D61967E363F8C332497,0x4C59FDED2F464668B615A28639EEFEFC,NULL,0,'inline=\"Y\" multilingual-node=\"Y\" multilingual-resource=\"Y\" semantictag=\"txtsel\" sharedNode=\"N\" sharedNodeResource=\"N\" sharedResource=\"N\" ','delnoderoles=\"batcher\" editresroles=\"batcher\" seenoderoles=\"all\" ','',0xD15F5BF9106349DAA57DDCAFCC6EBA66,0xED94AC4967DF401499D1968C72813C2E,0xB44B799B8169484D90FA38EB68A08B55,0,0,0,NULL,NULL,NULL,'asmContext',NULL,NULL,'txtsel',NULL,NULL,NULL,NULL,1,'2015-05-06 17:11:46',0xA41729A525BD470085E300D5019BF5E5),(0x82869DCF9C20460C9DD2C1C93D67950A,0xACD3E3B0BF7A4D3F973DF39AE629693A,'f802fcde-c1a1-43a1-b363-5389d1dc8eb1',2,'multilingual-node=\"Y\" semantictag=\"role\" sharedNode=\"N\" sharedNodeResource=\"N\" ','help=\"Select OR Value/Select OU Value&lt;br&gt;\" menuroles=\"_karuta_batch_parts_,txtval,Add txtval/Ajouter txtval,batcher;_karuta_batch_parts_,txtsel,Add txtsel/Ajouter txtsel,batcher\" seenoderoles=\"all\" ','',NULL,0x27CDB3405B4F41088B248A0366791CB1,0x39EC3FB44E03457C98C3B55AC70D2904,0,0,0,NULL,NULL,NULL,'asmUnitStructure','asmUnitStructure',NULL,'role',NULL,NULL,NULL,NULL,1,'2015-05-06 17:11:46',0xA41729A525BD470085E300D5019BF5E5),(0xF802FCDEC1A143A1B3635389D1DC8EB1,0x82869DCF9C20460C9DD2C1C93D67950A,NULL,0,'inline=\"Y\" multilingual-node=\"Y\" multilingual-resource=\"Y\" semantictag=\"txtsel\" sharedNode=\"N\" sharedNodeResource=\"N\" sharedResource=\"N\" ','delnoderoles=\"batcher\" editresroles=\"batcher\" seenoderoles=\"all\" ','',0xC5F5357B599F4D5E8B143A0121DFC91B,0x696CA84AEAF2458B9103EB388F44AEC2,0x5379886F59E943EFB460780D24836CC2,0,0,0,NULL,NULL,NULL,'asmContext',NULL,NULL,'txtsel',NULL,NULL,NULL,NULL,1,'2015-05-06 17:11:46',0xA41729A525BD470085E300D5019BF5E5),(0x67060280506947FBA37A19641F11C1EE,0x9E61CC2073D348B5A68A188EDFA7CD9B,'42935914-d02d-4f9b-92af-f47b38c2a114,9353071e-2432-44bd-aaac-13dfa536a42a',7,'multilingual-node=\"Y\" semantictag=\"update-field\" sharedNode=\"N\" sharedNodeResource=\"N\" ','delnoderoles=\"batcher\" seenoderoles=\"all\" ','',NULL,0x9515DC00EAAD41FE9EB54A5F849485B7,0xC2B709DA0418459487C50962000FAC11,0,0,0,NULL,NULL,NULL,'asmUnitStructure','asmUnitStructure',NULL,'update-field',NULL,NULL,NULL,NULL,1,'2015-05-06 17:11:47',0xA41729A525BD470085E300D5019BF5E5),(0x42935914D02D4F9B92AFF47B38C2A114,0x67060280506947FBA37A19641F11C1EE,NULL,0,'inline=\"Y\" multilingual-node=\"Y\" multilingual-resource=\"Y\" semantictag=\"select\" sharedNode=\"N\" sharedNodeResource=\"N\" sharedResource=\"N\" ','editresroles=\"batcher\" seenoderoles=\"all\" ','',0x3C7634BC72974FC592BFA745D696B7AD,0xE7EDF5E952BE4AE0B916C67D43F620B3,0x85DE39DD072440CDBC903A16BA6A0058,0,0,0,NULL,NULL,NULL,'asmContext',NULL,NULL,'select',NULL,NULL,NULL,NULL,1,'2015-05-06 17:11:47',0xA41729A525BD470085E300D5019BF5E5),(0x9353071E243244BDAAAC13DFA536A42A,0x67060280506947FBA37A19641F11C1EE,NULL,1,'multilingual-node=\"Y\" semantictag=\"text\" sharedNode=\"N\" sharedNodeResource=\"N\" ','menuroles=\"_karuta_batch_parts_,txtval,Add txtval/Ajouter txtval,batcher;_karuta_batch_parts_,txtsel,Add txtsel/Ajouter txtsel,batcher;_karuta_batch_parts_,source-select,Add source-select/Ajouter source-select,batcher\" seenoderoles=\"all\" ','',NULL,0xC51F56ED64FB4371A2ADEFCB7EAF7F84,0xE3C619F7DF2341DAB3D569D62010EBC6,0,0,0,NULL,NULL,NULL,'asmUnitStructure','asmUnitStructure',NULL,'text',NULL,NULL,NULL,NULL,1,'2015-05-06 17:11:47',0xA41729A525BD470085E300D5019BF5E5),(0x9CEE03883DED4E1D9E750E98E88D6023,0x9E61CC2073D348B5A68A188EDFA7CD9B,'48936617-a6c9-4ac6-a99e-8b94239d7a91,7e8de90d-b894-40de-a730-cc780bb6f6a2',8,'multilingual-node=\"Y\" semantictag=\"update-proxy\" sharedNode=\"N\" sharedNodeResource=\"N\" ','delnoderoles=\"batcher\" seenoderoles=\"all\" ','',NULL,0x20679AC2450548879D7CFA5D1FE0CC69,0x1BE7E8F692274482BAF2415CBD5A76AF,0,0,0,NULL,NULL,NULL,'asmUnitStructure','asmUnitStructure',NULL,'update-proxy',NULL,NULL,NULL,NULL,1,'2015-05-06 17:11:47',0xA41729A525BD470085E300D5019BF5E5),(0x48936617A6C94AC6A99E8B94239D7A91,0x9CEE03883DED4E1D9E750E98E88D6023,NULL,0,'inline=\"Y\" multilingual-node=\"Y\" multilingual-resource=\"Y\" semantictag=\"proxy-select\" sharedNode=\"N\" sharedNodeResource=\"N\" sharedResource=\"N\" ','editresroles=\"batcher\" seenoderoles=\"all\" ','',0xFB884D396131482AB4A3AC230E49A9F0,0xB370A72B682B42599FDF8B4582951D63,0x0067A848F1B64AADBF6FBF6469E576C1,0,0,0,NULL,NULL,NULL,'asmContext',NULL,NULL,'proxy-select',NULL,NULL,NULL,NULL,1,'2015-05-06 17:11:47',0xA41729A525BD470085E300D5019BF5E5),(0x7E8DE90DB89440DEA730CC780BB6F6A2,0x9CEE03883DED4E1D9E750E98E88D6023,NULL,1,'inline=\"Y\" multilingual-node=\"Y\" multilingual-resource=\"Y\" semantictag=\"source-select\" sharedNode=\"N\" sharedNodeResource=\"N\" sharedResource=\"N\" ','editresroles=\"batcher\" seenoderoles=\"all\" ','',0xE0425905E06A45E8A4CDB6E3B41DFB7A,0x9D866B47FAC74B37B70BAC595148AF13,0x9E40E67792964D27A2B735DD44C50DCF,0,0,0,NULL,NULL,NULL,'asmContext',NULL,NULL,'source-select',NULL,NULL,NULL,NULL,1,'2015-05-06 17:11:47',0xA41729A525BD470085E300D5019BF5E5),(0x0F87DB3FE7C24F48BD219919D7CE02CB,0x9E61CC2073D348B5A68A188EDFA7CD9B,'1e2ee103-3e67-46ac-af91-a0b0b5e42448',9,'multilingual-node=\"Y\" semantictag=\"delete-tree\" sharedNode=\"N\" sharedNodeResource=\"N\" ','delnoderoles=\"batcher\" seenoderoles=\"all\" ','',NULL,0xCD43A4B53F594F4D8F8465E1CBE1B534,0xE362F9AE40584C0081864AAEA4527693,0,0,0,NULL,NULL,NULL,'asmUnitStructure','asmUnitStructure',NULL,'delete-tree',NULL,NULL,NULL,NULL,1,'2015-05-06 17:11:47',0xA41729A525BD470085E300D5019BF5E5),(0x1E2EE1033E6746ACAF91A0B0B5E42448,0x0F87DB3FE7C24F48BD219919D7CE02CB,NULL,0,'multilingual-node=\"Y\" semantictag=\"code\" sharedNode=\"N\" sharedNodeResource=\"N\" ','menuroles=\"_karuta_batch_parts_,txtval,Add txtval/Ajouter txtval,batcher;_karuta_batch_parts_,txtsel,Add txtsel/Ajouter txtsel,batcher\" seenoderoles=\"all\" ','',NULL,0xFBD667D1D6224CE5BD619A23795950AD,0xDCEC300D534B4897B1BE58600590C169,0,0,0,NULL,NULL,NULL,'asmUnitStructure','asmUnitStructure',NULL,'code',NULL,NULL,NULL,NULL,1,'2015-05-06 17:11:47',0xA41729A525BD470085E300D5019BF5E5),(0x267C301D96964F108E6CEBAFF3542D85,NULL,'4f67627c-7d82-4bee-a77f-2a492e9f05de,4f5bbc1f-513b-40f7-a267-321688d4a94c,8bbefe42-5b94-42bf-84b2-07d948e78957',0,'display-type=\"model\" multilingual-node=\"Y\" public=\"Y\" semantictag=\"root batch\" sharedNode=\"N\" sharedResource=\"N\" ','editnoderoles=\"batcher\" menuroles=\"_karuta_batch_parts_,for-each-line,Add for-each-line/Ajouter for-each-line,batcher;_karuta_batch_parts_,create-person,Add create-person/Ajouter create-person,batcher;_karuta_batch_parts_,create-tree,Add create-tree/Ajouter create-tree,batcher;_karuta_batch_parts_,share-tree,Add share-tree/Ajouter share-tree,batcher;_karuta_batch_parts_,select-tree,Add select-tree/Ajouter select-tree,batcher;_karuta_batch_parts_,update-field,Add update-field/Ajouter update-field,batcher;_karuta_batch_parts_,update-proxy,Add update-proxy/Ajouter update-proxy,batcher\" seenoderoles=\"all\" ','',NULL,0x092F0C3FB26D405D859C80558DEEB679,0x4E198046506A47C08B28D97AE3B84E1B,0,0,0,NULL,NULL,NULL,'asmRoot',NULL,NULL,'root batch',NULL,'_karuta_batch_model_',NULL,NULL,1,'2015-05-06 17:11:56',0x319450C749FE4ECD905ABD39184D20C7),(0x4F67627C7D824BEEA77F2A492E9F05DE,0x267C301D96964F108E6CEBAFF3542D85,NULL,0,'multilingual-node=\"Y\" semantictag=\"Field\" sharedNode=\"N\" sharedNodeResource=\"N\" sharedResource=\"N\" ','seenoderoles=\"all\" ','',0x0EBD07F09F7B4679B117DAB4A0A47C57,0x286E2A7D27D843FBA414932E71DD929A,0xE065CD78BEF64985B33F3008CE313ACC,0,0,0,NULL,NULL,NULL,'asmContext',NULL,NULL,'Field',NULL,NULL,NULL,NULL,1,'2015-05-06 17:11:56',0x319450C749FE4ECD905ABD39184D20C7),(0x4F5BBC1F513B40F7A267321688D4A94C,0x267C301D96964F108E6CEBAFF3542D85,NULL,1,'multilingual-node=\"Y\" semantictag=\"description\" sharedNode=\"N\" sharedNodeResource=\"N\" sharedResource=\"N\" ','editresroles=\"batcher\" seenoderoles=\"all\" ','',0xCA5A1FFE15174022BF07B0CCF368CFDD,0xA5D2757BB63B4ABC83BE6EB0ABF72D2F,0x74974A8FD13341699943ABC2025EBCC2,0,0,0,NULL,NULL,NULL,'asmContext',NULL,NULL,'description',NULL,NULL,NULL,NULL,1,'2015-05-06 17:11:56',0x319450C749FE4ECD905ABD39184D20C7),(0x8BBEFE425B9442BF84B207D948E78957,0x267C301D96964F108E6CEBAFF3542D85,NULL,2,'multilingual-node=\"Y\" semantictag=\"cvsfile\" sharedNode=\"N\" sharedNodeResource=\"N\" sharedResource=\"N\" ','editresroles=\"batcher\" seenoderoles=\"all\" ','',0x96B27442827C49179FAA9B6123B6DDFA,0xC31B3A8CA6F847CB9E9E8E9213E205CA,0x1E5717F9EE694FDA9EAAB5A9A882731A,0,0,0,NULL,NULL,NULL,'asmContext',NULL,NULL,'cvsfile',NULL,NULL,NULL,NULL,1,'2015-05-06 17:11:56',0x319450C749FE4ECD905ABD39184D20C7);
UNLOCK TABLES;
LOCK TABLES `portfolio` WRITE;
INSERT INTO `portfolio` VALUES (0x09029A01FC354265BACDCECE51DDA629,0xD8D07AFC0D3C4A7599E428F8846C7AA2,1,NULL,1,'2015-05-06 17:10:41',1),(0x39F3B16046734E9EA9DD0EE43ECF754F,0xF296936071034E3D968DA5CD94F0D8D8,1,NULL,1,'2015-05-06 17:11:28',1),(0x96E193C697A94461B3098ABFB31A89A2,0x891D70A907924AFF93255647010CA8AE,1,NULL,1,'2015-05-06 17:11:40',1),(0xA41729A525BD470085E300D5019BF5E5,0xF5AADA93BA67465FA40FA521F80B5E3E,1,NULL,1,'2015-05-06 17:11:53',1),(0x319450C749FE4ECD905ABD39184D20C7,0x267C301D96964F108E6CEBAFF3542D85,1,NULL,1,'2015-05-06 17:12:02',1);
UNLOCK TABLES;
LOCK TABLES `resource_table` WRITE;
INSERT INTO `resource_table` VALUES (0x5965649395CD471E8D060B739892D0D4,'nodeRes','<code>_karuta_resources_</code>\n  <label lang=\"en\">_karuta_resources_v1.1</label>\n  <label lang=\"fr\">_karuta_resources_v1.1</label>',1,1,'2015-05-06 17:10:32'),(0xFC1B5A2D630F40A88C99E78705EE25C6,'context','',1,1,'2015-05-06 17:10:32'),(0x6447893FCA1A447E9A806CF944BD2E43,'nodeRes','<code/>\n				<label lang=\"fr\">Nouvelle structure</label>\n				<label lang=\"en\">New Structure</label>',1,1,'2015-05-06 17:10:32'),(0x88DF7BBA5D8B46ECAF005150366C4AC8,'context','',1,1,'2015-05-06 17:10:32'),(0x2540E6C42B574392A843B837617B90F5,'nodeRes','<code/>\n				<label lang=\"fr\">Nouvelle Unité</label>\n				<label lang=\"en\">New Unit</label>',1,1,'2015-05-06 17:10:32'),(0x4F86B04F78514AC7AC869F596059E06E,'context','',1,1,'2015-05-06 17:10:32'),(0xBEE7D305350140068786CBCE3851D742,'nodeRes','<code/>\n				<label lang=\"fr\">Nouvelle section</label>\n				<label lang=\"en\">New Section</label>',1,1,'2015-05-06 17:10:32'),(0x1A426B47A52043C4B05308D676C0B68D,'context','',1,1,'2015-05-06 17:10:32'),(0x9C6D9EB349474192A3AE94615DF462B9,'nodeRes','<code/>\n				<label lang=\"fr\"/>\n				<label lang=\"en\"/>',1,1,'2015-05-06 17:10:32'),(0x61B477C8561D4F4889FE92252AD86AC2,'context','',1,1,'2015-05-06 17:10:32'),(0x0AD701D6077B47129A0DDE24342F336F,'TextField','<text lang=\"fr\"/>\n				<text lang=\"en\"/>',1,1,'2015-05-06 17:10:32'),(0xE001AD929542409AA2DF3517C5D46725,'nodeRes','<code/>\n				<label lang=\"fr\"/>\n				<label lang=\"en\"/>',1,1,'2015-05-06 17:10:33'),(0xCDCCC762B8674B5A9F9A658932E0B696,'context','',1,1,'2015-05-06 17:10:33'),(0x4579BD6680C74960972E5995F8B66032,'Field','<text lang=\"fr\"/>\n				<text lang=\"en\"/>',1,1,'2015-05-06 17:10:33'),(0x0E98C12A28A043D88A32D63421208F3F,'nodeRes','<code/>\n				<label lang=\"fr\"/>\n				<label lang=\"en\"/>',1,1,'2015-05-06 17:10:33'),(0xAD477298195241719A6174C7848BBE61,'context','',1,1,'2015-05-06 17:10:33'),(0x3E95BFC837AF43E2BBF61AE5D864714D,'Document','<filename lang=\"fr\"/>\n				<size lang=\"fr\"/>\n				<type lang=\"fr\"/>\n				<fileid lang=\"fr\"/>\n				<filename lang=\"en\"/>\n				<size lang=\"en\"/>\n				<type lang=\"en\"/>\n				<fileid lang=\"en\"/>',1,1,'2015-05-06 17:10:33'),(0xADA3EDD91DF24BCD81C7E6E14968F620,'nodeRes','<code/>\n				<label lang=\"fr\"/>\n				<label lang=\"en\"/>',1,1,'2015-05-06 17:10:33'),(0x4ECDFDEE7E904988B9BA95D459732B6D,'context','',1,1,'2015-05-06 17:10:33'),(0xD479699D82BD4FA683D6B059960F0D9D,'Video','<filename lang=\"fr\"/>\n				<size lang=\"fr\"/>\n				<type lang=\"fr\"/>\n				<fileid lang=\"fr\"/>\n				<filename lang=\"en\"/>\n				<size lang=\"en\"/>\n				<type lang=\"en\"/>\n				<fileid lang=\"en\"/>',1,1,'2015-05-06 17:10:33'),(0x72352CCCB79B4F8B98C85EE4D0FA87C7,'nodeRes','<code/>\n				<label lang=\"fr\"/>\n				<label lang=\"en\"/>',1,1,'2015-05-06 17:10:33'),(0x4575E32640D74F759FBF91E95384A904,'context','',1,1,'2015-05-06 17:10:33'),(0x1712C0583C2E442AAD06CBBC3F18845D,'URL','<label lang=\"fr\"/>\n				<label lang=\"en\"/>\n				<url lang=\"fr\"/>\n				<url lang=\"en\"/>',1,1,'2015-05-06 17:10:33'),(0xBD46ECE21E4B41089141E68F96844064,'nodeRes','<code/>\n				<label lang=\"fr\"/>\n				<label lang=\"en\"/>',1,1,'2015-05-06 17:10:33'),(0x2C7765755D6D430F8BA419EE62A40672,'context','',1,1,'2015-05-06 17:10:33'),(0x4E998209C74F4C2FBC27B4EC218C7CC1,'Oembed','<url lang=\"fr\"/>\n				<url lang=\"en\"/>',1,1,'2015-05-06 17:10:33'),(0x88AFF4E2FF1E46F3A0419A9542F8B1DD,'nodeRes','<code/>\n				<label lang=\"fr\"/>\n				<label lang=\"en\"/>',1,1,'2015-05-06 17:10:33'),(0x98A7B1AB0051471E95D02DC85126EF1B,'context','',1,1,'2015-05-06 17:10:33'),(0x030BF43B55114DA090660488D63C003D,'Calendar','<text lang=\"fr\"/>',1,1,'2015-05-06 17:10:33'),(0x3019B22E85E84A3A93E5738A4E936D13,'nodeRes','<code/>\n				<label lang=\"fr\"/>\n				<label lang=\"en\"/>',1,1,'2015-05-06 17:10:33'),(0x31A27083B25744BD8DB56F3EBDD51750,'context','',1,1,'2015-05-06 17:10:33'),(0x3D1078DF1C5046CB871E10ADDEBDE562,'Image','<filename lang=\"fr\"/>\n				<size lang=\"fr\"/>\n				<type lang=\"fr\"/>\n				<fileid lang=\"fr\"/>\n				<filename lang=\"en\"/>\n				<size lang=\"en\"/>\n				<type lang=\"en\"/>\n				<fileid lang=\"en\"/>',1,1,'2015-05-06 17:10:33'),(0xD6B6CEE72EA14B938D62BAE6586E031F,'nodeRes','<code/>\n				<label lang=\"fr\"/>\n				<label lang=\"en\"/>',1,1,'2015-05-06 17:10:33'),(0x289B834FAEFC49F4A5AD82C6A6CA517A,'context','',1,1,'2015-05-06 17:10:33'),(0x6B4296229B11490EB456C89A2EA9748C,'Audio','<filename lang=\"fr\"/>\n				<size lang=\"fr\"/>\n				<type lang=\"fr\"/>\n				<fileid lang=\"fr\"/>\n				<filename lang=\"en\"/>\n				<size lang=\"en\"/>\n				<type lang=\"en\"/>\n				<fileid lang=\"en\"/>',1,1,'2015-05-06 17:10:33'),(0xFAF2FB689229467DA2EE30D2FABEC03F,'nodeRes','<code/>\n				<label lang=\"fr\"/>\n				<label lang=\"en\"/>',1,1,'2015-05-06 17:10:33'),(0x13ECBD77ED7147E0AB1FE24F379FD5DE,'context','',1,1,'2015-05-06 17:10:33'),(0xBAEAAA4D850641C388E90338E6AB17AE,'Comments','<author/>\n				<date/>\n				<text lang=\"fr\"/>\n				<text lang=\"en\"/>',1,1,'2015-05-06 17:10:33'),(0xE6FA4DFB649547B9BC627FA9A6A55428,'nodeRes','<code/>\n				<label lang=\"fr\"/>\n				<label lang=\"en\"/>',1,1,'2015-05-06 17:10:33'),(0xF1BBC36604714FE4AEC93B85F097FBCE,'context','',1,1,'2015-05-06 17:10:33'),(0xC2647EE1D51B4448A2BAFFB3CEE11778,'Get_Resource','<code/>\n				<value/>\n				<label lang=\"fr\"/>\n				<label lang=\"en\"/>',1,1,'2015-05-06 17:10:33'),(0x64BEF79BF18541FB95D0FB6C7179CF95,'nodeRes','<code/>\n				<label lang=\"fr\"/>\n				<label lang=\"en\"/>',1,1,'2015-05-06 17:10:33'),(0x11769080185B48209159FF2670BCBED3,'context','',1,1,'2015-05-06 17:10:34'),(0x372DC782DF6E43099B0C82DD3A05B865,'Get_Get_Resource','<code/>\n				<portfoliocode/>\n				<value/>\n				<label lang=\"fr\"/>\n				<label lang=\"en\"/>',1,1,'2015-05-06 17:10:34'),(0x17CF59445A63412FA54883E7B5F226A6,'nodeRes','<code/>\n				<label lang=\"fr\"/>\n				<label lang=\"en\"/>',1,1,'2015-05-06 17:10:34'),(0x8E5EAB8133834765B73B56185CB78B38,'context','',1,1,'2015-05-06 17:10:34'),(0xCD9DC1059CD643E595540ABC441B4131,'Get_Double_Resource','<value1/>\n				<code1/>				\n				<label1 lang=\"fr\"/>\n				<label1 lang=\"en\"/>\n				<value2/>\n				<code2/>				\n				<label2 lang=\"fr\"/>\n				<label2 lang=\"en\"/>',1,1,'2015-05-06 17:10:34'),(0x234DE32A09D343278032E73FC1421095,'nodeRes','<code/>\n				<label lang=\"fr\"/>\n				<label lang=\"en\"/>',1,1,'2015-05-06 17:10:34'),(0xEE667EE9BADD473995A5693A9D00D94D,'context','',1,1,'2015-05-06 17:10:34'),(0xFFA57717D02C48269B0A24BA68449746,'Proxy','<code/>\n				<value/>\n				<label lang=\"fr\"/>\n				<label lang=\"en\"/>',1,1,'2015-05-06 17:10:34'),(0x27901C4B1B9F4EC49666E4CBD220495E,'nodeRes','<code/>\n				<label lang=\"fr\"/>\n				<label lang=\"en\"/>',1,1,'2015-05-06 17:10:34'),(0x595B66DB2B264C64AAC9ECB8F234BFF9,'context','',1,1,'2015-05-06 17:10:34'),(0x324704C06CE14D96B7C5EA40737E1522,'Item','<code/>\n				<label lang=\"fr\"/>\n				<label lang=\"en\"/>',1,1,'2015-05-06 17:10:34'),(0x613AB5954D7642678E0D0F41F935A0E7,'nodeRes','<code/>\n				<label lang=\"fr\">Envoyez un courriel à</label>\n				<label lang=\"en\">Send an email to</label>&gt;',1,1,'2015-05-06 17:10:34'),(0x21B5BDA9FDCF4570BDF3ECBA4DA0FF83,'context','',1,1,'2015-05-06 17:10:34'),(0x13191CD7FD5948A09DFC8DE5C43DD8F2,'SendEmail','<firstname lang=\"fr\"/>\n				<firstname lang=\"en\"/>\n				<lastname lang=\"fr\"/>\n				<lastname lang=\"en\"/>\n				<email lang=\"fr\"/>\n				<email lang=\"en\"/>',1,1,'2015-05-06 17:10:34'),(0x9DE8FCEB294849FE81706BA77E2EC2A4,'nodeRes','<code/>\n				<label lang=\"fr\">Allez à</label>\n				<label lang=\"en\">Go to</label>&gt;',1,1,'2015-05-06 17:10:34'),(0xDF3045F9757646528E8BD9AD656AF2EF,'context','',1,1,'2015-05-06 17:10:34'),(0xE22B3C03A7304F63878E63BAF59D9A08,'URL2Unit','<local-label lang=\"fr\"/>\n				<local-label lang=\"en\"/>\n				<label lang=\"fr\"/>\n				<label lang=\"en\"/>\n				<uuid/>',1,1,'2015-05-06 17:10:34'),(0xE4ED4607A1CD440FA71E3F1CE5CC9B94,'nodeRes','<code/>\n				<label lang=\"fr\"/>\n				<label lang=\"en\"/>',1,1,'2015-05-06 17:10:34'),(0x86ACCC025C534175B5C359C23B79A4B4,'context','',1,1,'2015-05-06 17:10:34'),(0x18F59E575067460C896DA9810B167218,'Dashboard','<text lang=\"fr\"/>\n				<text lang=\"en\"/>',1,1,'2015-05-06 17:10:34'),(0xEF2458B86FA143F49CFA8190CA91FCCE,'nodeRes','<code/>\n				<label lang=\"fr\">asmUnitStructure_free</label>\n				<label lang=\"en\">asmUnitStructure_free</label>',1,1,'2015-05-06 17:10:34'),(0x50781E383CCC488F8565DDF676670C6E,'context','',1,1,'2015-05-06 17:10:34'),(0x183ACDE7E3F74E3AB7F7CBF43F4C3EA8,'nodeRes','<code/>\n					<label lang=\"fr\">Nouvelle section</label>\n					<label lang=\"en\">New Section</label>',1,1,'2015-05-06 17:10:34'),(0x48561F04A4064207968E491F0FA102F7,'context','',1,1,'2015-05-06 17:10:34'),(0x5670745F12D042F4ADC0B725D2ABBD2D,'nodeRes','<code/>\n				<label lang=\"fr\">TextField_free</label>\n				<label lang=\"en\">TextField_free</label>',1,1,'2015-05-06 17:10:34'),(0x114560A5D7AB4295B428952CA39931EF,'context','',1,1,'2015-05-06 17:10:34'),(0x2F2CE21B67934F28BA34EC10BE24F12B,'nodeRes','<code/>\n					<label lang=\"fr\"/>\n					<label lang=\"en\"/>',1,1,'2015-05-06 17:10:34'),(0x38636654BBEA4ED5BF7E672563112521,'context','',1,1,'2015-05-06 17:10:34'),(0x4A8A1A082EAB47CEA0AB7838EAE4B5C5,'TextField','<text lang=\"fr\"/>\n					<text lang=\"en\"/>',1,1,'2015-05-06 17:10:34'),(0xDE0D18C3D55146E2A0E88A03BBFA1F49,'nodeRes','<code/>\n				<label lang=\"fr\">Field_free</label>\n				<label lang=\"en\">Field_free</label>',1,1,'2015-05-06 17:10:34'),(0x6FDD3540846343DEA30C56D4F0AB2738,'context','',1,1,'2015-05-06 17:10:34'),(0x7229C313CD404A979A7C2DA08C968555,'nodeRes','<code/>\n					<label lang=\"fr\"/>\n					<label lang=\"en\"/>',1,1,'2015-05-06 17:10:34'),(0x0E7C5250CF764D32BB3A6161CBB19FFA,'context','',1,1,'2015-05-06 17:10:34'),(0xF01E3A00345A462ABFF4B68DBA0EBBD6,'Field','<text/>',1,1,'2015-05-06 17:10:34'),(0xCA08D2DF169A4646BC26AE9F4C99F1C2,'nodeRes','<code/>\n				<label lang=\"fr\">Document_free</label>\n				<label lang=\"en\">Document_free</label>',1,1,'2015-05-06 17:10:34'),(0x9396C4FB3F064346BA949685D3712B24,'context','',1,1,'2015-05-06 17:10:34'),(0x5AFF99D80DAD45378BCA94BC20678B8D,'nodeRes','<code/>\n					<label lang=\"fr\"/>\n					<label lang=\"en\"/>',1,1,'2015-05-06 17:10:34'),(0x1A9298C7F46746849D5F9575DD6F12CE,'context','',1,1,'2015-05-06 17:10:34'),(0x2B18640147194DE99B06084D5A84E987,'Document','<filename lang=\"fr\"/>\n					<size lang=\"fr\"/>\n					<type lang=\"fr\"/>\n					<fileid lang=\"fr\"/>\n					<filename lang=\"en\"/>\n					<size lang=\"en\"/>\n					<type lang=\"en\"/>\n					<fileid lang=\"en\"/>',1,1,'2015-05-06 17:10:34'),(0xDB4B92F3C5374011B36F9580D511C643,'nodeRes','<code/>\n				<label lang=\"fr\">URL_free</label>\n				<label lang=\"en\">URL_free</label>',1,1,'2015-05-06 17:10:34'),(0x6437CA92AA1C46C9ABFB38CDC16E5912,'context','',1,1,'2015-05-06 17:10:34'),(0xBE64463D6973476DBE6E05A70D0D8D1B,'nodeRes','<code/>\n					<label lang=\"fr\"/>\n					<label lang=\"en\"/>',1,1,'2015-05-06 17:10:34'),(0x0B2F249D3B2E49259464AB2F6E000CE4,'context','',1,1,'2015-05-06 17:10:34'),(0x313577E4807C496EBF8E90E35E5DC7FD,'URL','<label>url</label>\n					<url/>',1,1,'2015-05-06 17:10:35'),(0xF77DC367A0644BF78B2008F00CB7B17E,'nodeRes','<code/>\n				<label lang=\"fr\">Calendar_free</label>\n				<label lang=\"en\">Calendar_free</label>',1,1,'2015-05-06 17:10:35'),(0x16DB64B1CA9A4DEF826DF05D1D20D564,'context','',1,1,'2015-05-06 17:10:35'),(0x76DE034A61184EF49C380F71AB8A7E55,'nodeRes','<code/>\n					<label lang=\"fr\"/>\n					<label lang=\"en\"/>',1,1,'2015-05-06 17:10:35'),(0x7AFCDF02028F4889B7F01DBABE4ED556,'context','',1,1,'2015-05-06 17:10:35'),(0xAA22F8496B9C4B959E8D33A61A6955DC,'Calendar','<text/>',1,1,'2015-05-06 17:10:35'),(0xCDCD7106556D46D98C473707A234AC68,'nodeRes','<code/>\n				<label lang=\"fr\">Image_free</label>\n				<label lang=\"en\">Image_free</label>',1,1,'2015-05-06 17:10:35'),(0xB70BC73B109A4DAC9C25892E4283B51F,'context','',1,1,'2015-05-06 17:10:35'),(0x0B435FA3CCE04E6BB5967F91A911838F,'nodeRes','<code/>\n					<label lang=\"fr\"/>\n					<label lang=\"en\"/>',1,1,'2015-05-06 17:10:35'),(0xFBA75EC9F12E42CE8E2FE8983D8F727D,'context','',1,1,'2015-05-06 17:10:35'),(0x32FAE0B9C5224584A0AE6E71B967D0F9,'Image','<filename lang=\"fr\"/>\n					<size lang=\"fr\"/>\n					<type lang=\"fr\"/>\n					<fileid lang=\"fr\"/>\n					<filename lang=\"en\"/>\n					<size lang=\"en\"/>\n					<type lang=\"en\"/>\n					<fileid lang=\"en\"/>',1,1,'2015-05-06 17:10:35'),(0x115C46E93B19479B8A2F5F9949FC8DE7,'nodeRes','<code/>\n				<label lang=\"fr\">Audio_free</label>\n				<label lang=\"en\">Audio_free</label>',1,1,'2015-05-06 17:10:35'),(0x4124E043F7D8487B86D048A2FB14148A,'context','',1,1,'2015-05-06 17:10:35'),(0x6B70C249C3094F55B7B34AE94884F7D4,'nodeRes','<code/>\n					<label lang=\"fr\"/>\n					<label lang=\"en\"/>',1,1,'2015-05-06 17:10:35'),(0xA0295F07CB044C98AB326A8B01A22169,'context','',1,1,'2015-05-06 17:10:35'),(0x0688A2A98B8F4529B517EE9807BF87DF,'Audio','<filename lang=\"fr\"/>\n					<size lang=\"fr\"/>\n					<type lang=\"fr\"/>\n					<fileid lang=\"fr\"/>\n					<filename lang=\"en\"/>\n					<size lang=\"en\"/>\n					<type lang=\"en\"/>\n					<fileid lang=\"en\"/>',1,1,'2015-05-06 17:10:35'),(0xB933D8B6765440699A7166D48716F900,'nodeRes','<code/>\n				<label lang=\"fr\">Video_free</label>\n				<label lang=\"en\">Video_free</label>',1,1,'2015-05-06 17:10:35'),(0x21611E4B536C44CF8E8818DA81FC6DC4,'context','',1,1,'2015-05-06 17:10:35'),(0x1EDD31B2ACDC4B408519A614BF2FCA85,'nodeRes','<code/>\n					<label lang=\"fr\"/>\n					<label lang=\"en\"/>',1,1,'2015-05-06 17:10:35'),(0x402F93BC11EC48DE8E8C7C86D484EA67,'context','',1,1,'2015-05-06 17:10:35'),(0x31962D38D6E246C7A59D7F5AAE3076BA,'Video','<filename lang=\"fr\"/>\n					<size lang=\"fr\"/>\n					<type lang=\"fr\"/>\n					<fileid lang=\"fr\"/>\n					<filename lang=\"en\"/>\n					<size lang=\"en\"/>\n					<type lang=\"en\"/>\n					<fileid lang=\"en\"/>',1,1,'2015-05-06 17:10:35'),(0xCC3F15962DD143AE99EB43A9DC4290E2,'nodeRes','<code>_karuta_report_parts_</code>\n  <label lang=\"en\">_karuta_report_parts_v1.1</label>\n  <label lang=\"fr\">_karuta_report_parts_v1.1</label>',1,1,'2015-05-06 17:11:20'),(0x1DF7E7E455434DF7B23C4FA52AC6CBF6,'context','<text lang=\"en\"/>\n			<text lang=\"fr\"/>',1,1,'2015-05-06 17:11:20'),(0x77593457E8B949A2A156B245D23E76AF,'nodeRes','<code/>\n				<label lang=\"fr\">Référentiel</label>\n				<label lang=\"en\">Repository</label>\n				<label lang=\"ja\"/>',1,1,'2015-05-06 17:11:20'),(0x1D97CB4EF7874BDBAD49DF86761D7BB4,'context','<text lang=\"fr\"/>\n				<text lang=\"en\"/>\n				<text lang=\"ja\"/>',1,1,'2015-05-06 17:11:20'),(0xC75F1CF0047F45E6AF8FB03CA04ABE99,'nodeRes','<code/>\n					<label lang=\"fr\">typenode</label>\n					<label lang=\"en\">typenode</label>\n					<label lang=\"ja\"/>',1,1,'2015-05-06 17:11:20'),(0xFA9E0070B1E8410BAFDCEBE8C8FDD96C,'context','<text lang=\"fr\"/>\n					<text lang=\"en\"/>\n					<text lang=\"ja\"/>',1,1,'2015-05-06 17:11:20'),(0x8A6DDD5074D346BE80D143B9651F0DDB,'nodeRes','<code/>\n						<label lang=\"fr\"/>\n						<label lang=\"en\"/>',1,1,'2015-05-06 17:11:20'),(0xC43EA5C4310C40E9940A2D581B715C7E,'context','',1,1,'2015-05-06 17:11:20'),(0x6640D34F54F94F15A4222F3E80256148,'Item','<code>asm0</code>\n						<label lang=\"fr\">asmRoot</label>\n						<label lang=\"en\">asmRoot</label>\n						<label lang=\"ja\"/>',1,1,'2015-05-06 17:11:20'),(0x309DEFD47A464F7DA667F5611AB4D228,'nodeRes','<code/>\n						<label lang=\"fr\"/>\n						<label lang=\"en\"/>',1,1,'2015-05-06 17:11:20'),(0xF7BA9ED859284175B61412E0570EF34B,'context','',1,1,'2015-05-06 17:11:20'),(0xCD232958F8854272AD4890BD764FFCF8,'Item','<code>asm1</code>\n						<label lang=\"fr\">asmStructure</label>\n						<label lang=\"en\">asmStructure</label>\n						<label lang=\"ja\"/>',1,1,'2015-05-06 17:11:20'),(0x02289403A58F4E6E865C45E79CC66DAA,'nodeRes','<code/>\n						<label lang=\"fr\"/>\n						<label lang=\"en\"/>',1,1,'2015-05-06 17:11:20'),(0xDDFB6BE8830A4A9D94D84D8239191961,'context','',1,1,'2015-05-06 17:11:20'),(0x7FE6928FB6E6401D9A2839944FC84112,'Item','<code>asm2</code>\n						<label lang=\"fr\">asmUnit</label>\n						<label lang=\"en\">asmUnit</label>\n						<label lang=\"ja\"/>',1,1,'2015-05-06 17:11:20'),(0x3FE31290A01048FAAA0026E10D4555D9,'nodeRes','<code/>\n						<label lang=\"fr\"/>\n						<label lang=\"en\"/>',1,1,'2015-05-06 17:11:20'),(0xD6D555A50EFC4415A58C104684CDCC54,'context','',1,1,'2015-05-06 17:11:20'),(0x7864BBC43896415FBB24DCE1F149EAF3,'Item','<code>asm3</code>\n						<label lang=\"fr\">asmUnitStructure</label>\n						<label lang=\"en\">asmUnitStructure</label>\n						<label lang=\"ja\"/>',1,1,'2015-05-06 17:11:20'),(0xC7FE71B806FE40ED9AB00337087398E4,'nodeRes','<code/>\n						<label lang=\"fr\"/>\n						<label lang=\"en\"/>',1,1,'2015-05-06 17:11:20'),(0x7F81CE5113AB4983A13076C2F7AA59E3,'context','',1,1,'2015-05-06 17:11:20'),(0xE4F4B82ECA5F4B3CB1DA313F967F3C84,'Item','<code>asm4</code>\n						<label lang=\"fr\">asmContext</label>\n						<label lang=\"en\">asmContext</label>\n						<label lang=\"ja\"/>',1,1,'2015-05-06 17:11:20'),(0x4CD8A259D06944FFA565440FCEE0D0B3,'nodeRes','<code/>\n					<label lang=\"fr\">todisplay</label>\n					<label lang=\"en\">todisplay</label>',1,1,'2015-05-06 17:11:20'),(0x5E0A1D6D8F924AB6AADB16C22202B6AC,'context','<text lang=\"en\"/>\n					<text lang=\"fr\"/>',1,1,'2015-05-06 17:11:20'),(0xA14853895919412A852F55D2DD9D5138,'nodeRes','<code/>\n						<label lang=\"fr\"/>\n						<label lang=\"en\"/>',1,1,'2015-05-06 17:11:20'),(0x0B87343077BD4A809CBD558BBF669322,'context','',1,1,'2015-05-06 17:11:20'),(0x1E2F1B0473DF47F89CFF9FF0861DF19C,'Item','<code>D0</code>\n  <label lang=\"fr\">node label</label>\n  <label lang=\"en\">node label</label>\n  <label lang=\"ja\"/>',1,1,'2015-05-06 17:11:20'),(0x964FDE0CD06846AB8F348DF563485F4C,'nodeRes','<code/>\n						<label lang=\"fr\"/>\n						<label lang=\"en\"/>',1,1,'2015-05-06 17:11:20'),(0x116EEB77740842F5A85ED85F3FAAB12F,'context','',1,1,'2015-05-06 17:11:20'),(0xB2C8C4B157F143F0B59643999245A63A,'Item','<code>D1</code>\n  <label lang=\"fr\">resource</label>\n  <label lang=\"en\">resource</label>\n  <label lang=\"ja\"/>',1,1,'2015-05-06 17:11:20'),(0x16D33AF466234E3A9CE6298C9A4D7223,'nodeRes','<code/>\n					<label lang=\"fr\">aggregationtype</label>\n					<label lang=\"en\">aggregationtype</label>',1,1,'2015-05-06 17:11:20'),(0x7985B09D8DB649C9A1D9C0D05F22966E,'context','<text lang=\"en\"/>\n					<text lang=\"fr\"/>',1,1,'2015-05-06 17:11:21'),(0xAC9340E876E74F24B10E107ACFAA487B,'nodeRes','<code/>\n						<label lang=\"fr\"/>\n						<label lang=\"en\"/>',1,1,'2015-05-06 17:11:21'),(0x3E06EACF87B94971BC7871ABE27B599C,'context','',1,1,'2015-05-06 17:11:21'),(0x9CCDFCFD1FF94CD89054D2AF37AD3D7D,'Item','<code>sum</code>\n  <label lang=\"fr\">Sum</label>\n  <label lang=\"en\">Sum</label>',1,1,'2015-05-06 17:11:21'),(0x5E05BD156AEF4C4E92FBB6566DF83DDB,'nodeRes','<code/>\n						<label lang=\"fr\"/>\n						<label lang=\"en\"/>',1,1,'2015-05-06 17:11:21'),(0xA35060762C3F41BF819D07255C1B8062,'context','',1,1,'2015-05-06 17:11:21'),(0x1945513FADC74B86885FF0109B153CA6,'Item','<code>avg</code>\n  <label lang=\"fr\">Average</label>\n  <label lang=\"en\">Average</label>',1,1,'2015-05-06 17:11:21'),(0xA513A8CA31744E63A65CF3FF2F8DF0C1,'nodeRes','<code/>\n				<label lang=\"fr\">Parts</label>\n				<label lang=\"en\">Parts</label>\n				<label lang=\"ja\"/>',1,1,'2015-05-06 17:11:21'),(0x08008A02D0DF4EC89173AC55381F6F9A,'context','<text lang=\"fr\"/>\n				<text lang=\"en\"/>\n				<text lang=\"ja\"/>',1,1,'2015-05-06 17:11:21'),(0x7FD9A06EA7254EC7AA3B0D7B72EC7026,'nodeRes','<code/>\n					<label lang=\"fr\">table</label>\n					<label lang=\"en\">table</label>\n					<label lang=\"ja\"/>',1,1,'2015-05-06 17:11:21'),(0x6940842D9E5F4BD2BCBF6607386206F5,'context','<text lang=\"fr\"/>\n					<text lang=\"en\"/>\n					<text lang=\"ja\"/>',1,1,'2015-05-06 17:11:21'),(0x23C1766768C94123AE3D4CF9D722D222,'nodeRes','<code/>\n  <label lang=\"fr\">References to init</label>\n  <label lang=\"en\">References to init</label>',1,1,'2015-05-06 17:11:21'),(0x2A10E50A47874971929CB99A8AD4354A,'context','<text lang=\"en\"/>\n  <text lang=\"fr\"/>',1,1,'2015-05-06 17:11:21'),(0x0C82946DA0CD47D6983B2CBC9FB0D736,'Field','<text lang=\"fr\"/>\n  <text lang=\"en\"/>',1,1,'2015-05-06 17:11:21'),(0x0F8A51A50AEC4E268D790A3DFE65F20F,'nodeRes','<code/>\n					<label lang=\"fr\">row</label>\n					<label lang=\"en\">row</label>\n					<label lang=\"ja\"/>',1,1,'2015-05-06 17:11:21'),(0xC995ED29C5E146FB91C74ED15F30DD45,'context','<text lang=\"fr\"/>\n					<text lang=\"en\"/>\n					<text lang=\"ja\"/>',1,1,'2015-05-06 17:11:21'),(0x11E8DF6BA07B43BC8A69525A811E44E5,'nodeRes','<code/>\n						<label lang=\"fr\"/>\n						<label lang=\"en\">References to init</label>',1,1,'2015-05-06 17:11:21'),(0x129686C10BA0464B822B5DFAC1E8A430,'context','<text lang=\"en\"/>\n						<text lang=\"fr\"/>',1,1,'2015-05-06 17:11:21'),(0xBD310496DC5846E9826B998C82CF8AD7,'Field','<text lang=\"fr\"/>\n						<text lang=\"en\"/>',1,1,'2015-05-06 17:11:21'),(0x374DBF88740E414395086A33B445190C,'nodeRes','<code/>\n					<label lang=\"fr\">cell</label>\n					<label lang=\"en\">cell</label>\n					<label lang=\"ja\"/>',1,1,'2015-05-06 17:11:21'),(0x7A7B54CC4C044E01AB5515E540D83AEA,'context','<text lang=\"fr\"/>\n					<text lang=\"en\"/>\n					<text lang=\"ja\"/>',1,1,'2015-05-06 17:11:21'),(0x07299DBEC7AF45F7AF44C02FAF551F89,'nodeRes','<code/>\n					<label lang=\"fr\">for-each-person</label>\n					<label lang=\"en\">for-each-person</label>\n					<label lang=\"ja\"/>',1,1,'2015-05-06 17:11:21'),(0x7F451C7E1C0C40039C3F0DA98FA7BE5F,'context','<text lang=\"fr\"/>\n					<text lang=\"en\"/>\n					<text lang=\"ja\"/>',1,1,'2015-05-06 17:11:21'),(0x1A81A3B82873461DAF715371ADA05B79,'nodeRes','<code/>\n  <label lang=\"fr\">References to init</label>\n  <label lang=\"en\">References to init</label>',1,1,'2015-05-06 17:11:21'),(0x6601D1F4BB254F22B7C9269C6937D35F,'context','<text lang=\"en\"/>\n  <text lang=\"fr\"/>',1,1,'2015-05-06 17:11:21'),(0x157C246A532B4C39AF5FCE2233947255,'Field','<text lang=\"fr\"/>\n  <text lang=\"en\"/>',1,1,'2015-05-06 17:11:21'),(0x91C0DCF9B7304D24A37F73094456DD62,'nodeRes','<code/>\n						<label lang=\"fr\">select</label>\n						<label lang=\"en\">select</label>\n						<label lang=\"ja\"/>',1,1,'2015-05-06 17:11:21'),(0xC55BA46F8FD14EE9AC3B0F623A33B031,'context','<text lang=\"fr\"/>\n						<text lang=\"en\"/>\n						<text lang=\"ja\"/>',1,1,'2015-05-06 17:11:21'),(0x819772F8A78046A3AE76F71CDE3DA2A8,'Field','<text lang=\"fr\"/>\n						<text lang=\"en\"/>\n						<text lang=\"ja\"/>',1,1,'2015-05-06 17:11:21'),(0x0149B8AC64D14D75A2DC2769EC8776AC,'nodeRes','<code/>\n					<label lang=\"fr\">for-each-portfolio</label>\n					<label lang=\"en\">for-each-portfolio</label>\n					<label lang=\"ja\"/>',1,1,'2015-05-06 17:11:21'),(0xE503D2992F864465A27882B8975BB2CD,'context','<text lang=\"fr\"/>\n					<text lang=\"en\"/>\n					<text lang=\"ja\"/>',1,1,'2015-05-06 17:11:21'),(0x6487384F4B054F3BBD5007A194DC79F5,'nodeRes','<code/>\n  <label lang=\"fr\">References to init</label>\n  <label lang=\"en\">References to init</label>',1,1,'2015-05-06 17:11:21'),(0xD4A9142C3E6E4BA3AE0AB23C01457810,'context','<text lang=\"en\"/>\n  <text lang=\"fr\"/>',1,1,'2015-05-06 17:11:21'),(0x28FF67DC543142E28A235FE893289BC0,'Field','<text lang=\"fr\"/>\n  <text lang=\"en\"/>',1,1,'2015-05-06 17:11:21'),(0x2593E662A9864AC68362D5AB02EA7F7A,'nodeRes','<code/>\n						<label lang=\"fr\">select</label>\n						<label lang=\"en\">select</label>\n						<label lang=\"ja\"/>',1,1,'2015-05-06 17:11:21'),(0x0EE5210C26494A97B6A91A59E69648E8,'context','<text lang=\"fr\"/>\n						<text lang=\"en\"/>\n						<text lang=\"ja\"/>',1,1,'2015-05-06 17:11:21'),(0xC2C950AF4783474581705C18B547F948,'Field','<text lang=\"fr\"/>\n						<text lang=\"en\"/>\n						<text lang=\"ja\"/>',1,1,'2015-05-06 17:11:21'),(0x0724DF169F5B4198B631FF8E54D4AB53,'nodeRes','<code/>\n					<label lang=\"fr\">for-each-line</label>\n					<label lang=\"en\">for-each-line</label>',1,1,'2015-05-06 17:11:21'),(0x87D11012BF5C4C818167CA0C088CB082,'context','<text lang=\"en\"/>\n					<text lang=\"fr\"/>',1,1,'2015-05-06 17:11:21'),(0xCA9EBD3E8EEC41F9926D36BD06C0A9CE,'nodeRes','<code/>\n  <label lang=\"fr\">References to init</label>\n  <label lang=\"en\">References to init</label>',1,1,'2015-05-06 17:11:21'),(0xFDF4CD2924654D36AE1A8D43088EB5AF,'context','<text lang=\"en\"/>\n  <text lang=\"fr\"/>',1,1,'2015-05-06 17:11:21'),(0x5FF6D41EC89844E083C09CA4458D823A,'Field','<text lang=\"fr\"/>\n  <text lang=\"en\"/>',1,1,'2015-05-06 17:11:21'),(0x62C717399585483B916943BF7D680B1F,'nodeRes','<code/>\n  <label lang=\"fr\">for-each-node</label>\n  <label lang=\"en\">for-each-node</label>',1,1,'2015-05-06 17:11:22'),(0xA6BE057317794C3E97EAAFF3FF13C510,'context','<text lang=\"en\"/>\n  <text lang=\"fr\"/>',1,1,'2015-05-06 17:11:22'),(0x1EDABEF59CA74542BBFACF522C73A0BD,'nodeRes','<code/>\n  <label lang=\"fr\">References to init</label>\n  <label lang=\"en\">References to init</label>',1,1,'2015-05-06 17:11:22'),(0x38EC9C82E9704BE88649F76F75902446,'context','<text lang=\"en\"/>\n  <text lang=\"fr\"/>',1,1,'2015-05-06 17:11:22'),(0x7BE16BB6CBDB4D138BCDF4FC9DDAE5D0,'Field','<text lang=\"fr\"/>\n  <text lang=\"en\"/>',1,1,'2015-05-06 17:11:22'),(0xEC7FCCC27DF84F9DA7E12BB86F6893D2,'nodeRes','<code/>\n  <label lang=\"fr\">NOP</label>\n  <label lang=\"en\">NOP</label>',1,1,'2015-05-06 17:11:22'),(0xE51EFBB80C9B45149E45DD8446147A50,'context','<text lang=\"en\"/>\n  <text lang=\"fr\"/>',1,1,'2015-05-06 17:11:22'),(0x6D15953A90E940AC814E61A05C314B65,'nodeRes','<code/>\n  <label lang=\"fr\">Node Type</label>\n  <label lang=\"en\">Node Type</label>',1,1,'2015-05-06 17:11:22'),(0x70889D1E3D8A430B854DBA7C9AD385C9,'context','<text lang=\"en\"/>\n  <text lang=\"fr\"/>',1,1,'2015-05-06 17:11:22'),(0xB9973271935247F383BC8A3A3FB3F647,'Get_Resource','<code/>\n  <value/>\n  <label lang=\"fr\"/>\n  <label lang=\"en\"/>',1,1,'2015-05-06 17:11:22'),(0x18EF2DE3A3B34050B8DB6495FE07CA5D,'nodeRes','<code/>\n  <label lang=\"fr\">Semantic Tag</label>\n  <label lang=\"en\">Semantic Tag</label>',1,1,'2015-05-06 17:11:22'),(0x261D798FEF6F452088C18988536E9097,'context','<text lang=\"en\"/>\n  <text lang=\"fr\"/>',1,1,'2015-05-06 17:11:22'),(0x432A28FDB79D4F418A35AEE4DD46C602,'Field','<text lang=\"fr\"/>\n  <text lang=\"en\"/>',1,1,'2015-05-06 17:11:22'),(0xE9B816D58EBE4DA9BAF2F915F8B39017,'nodeRes','<code/>\n  <label lang=\"fr\">node_resource</label>\n  <label lang=\"en\">node_resource</label>\n  <label lang=\"ja\"/>',1,1,'2015-05-06 17:11:22'),(0x598FDD4E937D412E8DD08F733E669AB3,'context','<text lang=\"fr\"/>\n  <text lang=\"en\"/>\n  <text lang=\"ja\"/>',1,1,'2015-05-06 17:11:22'),(0x883A76B35ADE4AE4A342D84623FF40DD,'nodeRes','<code/>\n						<label lang=\"fr\">Référence</label>\n						<label lang=\"en\">Reference</label>',1,1,'2015-05-06 17:11:22'),(0x4EC5B333119F435CB8764C77F7CB8972,'context','<text lang=\"en\"/>\n						<text lang=\"fr\"/>',1,1,'2015-05-06 17:11:22'),(0xCB2DD2A55E8D4A09837FD634755DBF1A,'Field','<text lang=\"fr\"/>\n						<text lang=\"en\"/>',1,1,'2015-05-06 17:11:22'),(0xD7FB480BDF4340049F3A4BFB6725FFE2,'nodeRes','<code/>\n  <label lang=\"fr\">Node Type</label>\n  <label lang=\"en\">Node Type</label>\n  <label lang=\"ja\"/>',1,1,'2015-05-06 17:11:22'),(0x429F281C38B848AF92508F671E3DAEB3,'context','<text lang=\"fr\"/>\n  <text lang=\"en\"/>\n  <text lang=\"ja\"/>',1,1,'2015-05-06 17:11:22'),(0xCD3B1CDF715D448C8B14A031A7BF9E30,'Get_Resource','<code/>\n  <value/>\n  <label lang=\"fr\"/>\n  <label lang=\"en\"/>\n  <label lang=\"ja\"/>',1,1,'2015-05-06 17:11:22'),(0x7B5D4A2B7C9C4D4A88533549291A2DB4,'nodeRes','<code/>\n  <label lang=\"fr\">To Display</label>\n  <label lang=\"en\">To Display</label>\n  <label lang=\"ja\"/>',1,1,'2015-05-06 17:11:22'),(0x2C8C2E7BD8B64F7B82FD918A1076B021,'context','<text lang=\"fr\"/>\n  <text lang=\"en\"/>\n  <text lang=\"ja\"/>',1,1,'2015-05-06 17:11:22'),(0x4F90FB5083BB4A53997C19A762842004,'Get_Resource','<code/>\n  <value/>\n  <label lang=\"fr\"/>\n  <label lang=\"en\"/>\n  <label lang=\"ja\"/>',1,1,'2015-05-06 17:11:22'),(0x97F89F993EE24501804AB696213DE713,'nodeRes','<code/>\n  <label lang=\"fr\">Semantic Tag</label>\n  <label lang=\"en\">Semantic Tag</label>\n  <label lang=\"ja\"/>',1,1,'2015-05-06 17:11:22'),(0xF6139B0F44AA449CAD359C141AFE4CEB,'context','<text lang=\"fr\"/>\n  <text lang=\"en\"/>\n  <text lang=\"ja\"/>',1,1,'2015-05-06 17:11:22'),(0xCBCB9A9E8CC34343AB5E855A5C0C9E90,'Field','<text lang=\"fr\"/>\n  <text lang=\"en\"/>\n  <text lang=\"ja\"/>',1,1,'2015-05-06 17:11:22'),(0x4243CCE563B342FC925BF3E394F5F130,'nodeRes','<code/>\n					<label lang=\"fr\">aggregate</label>\n					<label lang=\"en\">aggregate</label>',1,1,'2015-05-06 17:11:22'),(0x720C20E532C044B59FD8F9D7FBBEC7F4,'context','<text lang=\"en\"/>\n					<text lang=\"fr\"/>',1,1,'2015-05-06 17:11:22'),(0x3EA834CEB0E948D69FBAE83FD773D73D,'nodeRes','<code/>\n  <label lang=\"fr\">Reference</label>\n  <label lang=\"en\">Reference</label>',1,1,'2015-05-06 17:11:22'),(0x7258067B6A2444B7BF8B36619D6D4208,'context','<text lang=\"en\"/>\n  <text lang=\"fr\"/>',1,1,'2015-05-06 17:11:22'),(0xA70CD7E15BAD41C6A2A01E252D42D4D0,'Field','<text lang=\"fr\"/>\n  <text lang=\"en\"/>',1,1,'2015-05-06 17:11:22'),(0x2F3A8EC4B8344276A5E81168FCA2AE79,'nodeRes','<code/>\n  <label lang=\"fr\">Aggregation Type</label>\n  <label lang=\"en\">Aggregation Type</label>',1,1,'2015-05-06 17:11:22'),(0xB22994C4359941658CF99094F1C3EE68,'context','<text lang=\"en\"/>\n  <text lang=\"fr\"/>',1,1,'2015-05-06 17:11:22'),(0xF6493ABCF4EE4B36A027A211ACB61AA4,'Get_Resource','<code/>\n  <value/>\n  <label lang=\"fr\"/>\n  <label lang=\"en\"/>',1,1,'2015-05-06 17:11:22'),(0xB370C522F84A42FDA34236397E689C66,'nodeRes','<code/>\n						<label lang=\"fr\">Select</label>\n						<label lang=\"en\">Select</label>',1,1,'2015-05-06 17:11:22'),(0xE49786D9B8564DE9A96DBB72578B32FC,'context','<text lang=\"en\"/>\n						<text lang=\"fr\"/>',1,1,'2015-05-06 17:11:22'),(0xE74BCE91BB714B09A111E36E828EE6D5,'Field','<text lang=\"fr\"/>\n						<text lang=\"en\"/>',1,1,'2015-05-06 17:11:22'),(0x6BBA7ADA43D44FB3AFCC435807510517,'nodeRes','<code/>\n  <label lang=\"fr\">text</label>\n  <label lang=\"en\">text</label>',1,1,'2015-05-06 17:11:22'),(0xE263765772F8460196AAAB6C6CDF857D,'context','<text lang=\"en\"/>\n  <text lang=\"fr\"/>',1,1,'2015-05-06 17:11:22'),(0x2CBE162C2FDD48A082E70806D1FEACEC,'nodeRes','<code/>\n  <label lang=\"fr\">Text</label>\n  <label lang=\"en\">Text</label>',1,1,'2015-05-06 17:11:22'),(0x4668364C69A9433F9B0658565D7C8BBF,'context','<text lang=\"en\"/>\n  <text lang=\"fr\"/>',1,1,'2015-05-06 17:11:22'),(0xFEAA6B3D324C40D49C6DA07068086259,'Field','<text lang=\"fr\"/>\n  <text lang=\"en\"/>',1,1,'2015-05-06 17:11:22'),(0x9A050A9820784F2CAD593FCC08860469,'nodeRes','<code>_karuta_report_model_</code>\n  <label lang=\"en\">_karuta_report_model_v1.1</label>\n  <label lang=\"fr\">_karuta_report_model_v1.1</label>',1,1,'2015-05-06 17:11:34'),(0xB49D30C336AF4C37B245D529E269DF6C,'context','<text lang=\"en\"/>\n  <text lang=\"fr\"/>',1,1,'2015-05-06 17:11:34'),(0xB23301EADA3241009B9F60F6B8C9C424,'nodeRes','<code/>\n				<label lang=\"fr\"/>\n				<label lang=\"en\">Description</label>',1,1,'2015-05-06 17:11:34'),(0x6868A9DE35E24BA6918C39CEF6D95466,'context','<text lang=\"en\"/>\n				<text lang=\"fr\"/>',1,1,'2015-05-06 17:11:34'),(0x1626D85DD5C647A4B2D69F1B5E89A73D,'TextField','<text lang=\"fr\"/>\n				<text lang=\"en\"/>',1,1,'2015-05-06 17:11:34'),(0xD4F2967CA84145A4950B8501E6369BAD,'nodeRes','<code/>\n				<label lang=\"fr\"/>\n				<label lang=\"en\">Associated CSV File (optional)</label>',1,1,'2015-05-06 17:11:34'),(0xFB666E6D57E74F3EB9483AACC9DF221F,'context','<text lang=\"en\"/>\n				<text lang=\"fr\"/>',1,1,'2015-05-06 17:11:34'),(0xB9204FED6C9B49178C559D36EFBEE408,'Document','<filename lang=\"fr\"/>\n				<size lang=\"fr\"/>\n				<type lang=\"fr\"/>\n				<fileid lang=\"fr\"/>\n				<filename lang=\"en\"/>\n				<size lang=\"en\"/>\n				<type lang=\"en\"/>\n				<fileid lang=\"en\"/>',1,1,'2015-05-06 17:11:34'),(0xBAE6E93F08CA4829B8527F8D2E5D776F,'nodeRes','<code>_karuta_batch_parts_</code>\n  <label lang=\"en\">_karuta_batch_parts_v1.1</label>\n  <label lang=\"fr\">_karuta_batch_parts_v1.1</label>',1,1,'2015-05-06 17:11:45'),(0x18632C3AB5FF42D8B44F452AF47A9751,'context','',1,1,'2015-05-06 17:11:45'),(0xA18CD9D1C29644739D9B3326EFC15EC9,'nodeRes','<code/>\n				<label lang=\"fr\">Repository</label>\n				<label lang=\"en\">Repository</label>',1,1,'2015-05-06 17:11:45'),(0x1A4744B05CE54E43BA07F2221DBD2057,'context','<text lang=\"en\"/>\n				<text lang=\"fr\"/>',1,1,'2015-05-06 17:11:45'),(0x8103829DBE644F619E7F53B3339CFC63,'nodeRes','<code/>\n					<label lang=\"fr\">yes_no</label>\n					<label lang=\"en\">yes_no</label>',1,1,'2015-05-06 17:11:45'),(0x5C8875E09721443E95DB245DD5B2C3CB,'context','<text lang=\"en\"/>\n					<text lang=\"fr\"/>',1,1,'2015-05-06 17:11:45'),(0x2E5B62F276BC41D39436E57FDFFD1D6C,'nodeRes','<code/>\n						<label lang=\"fr\"/>\n						<label lang=\"en\"/>',1,1,'2015-05-06 17:11:45'),(0x1F19C77A77DE4158B05F3FFD2998592B,'context','',1,1,'2015-05-06 17:11:45'),(0x3A3AB155AD804232AAC0EF958A6835EB,'Item','<code>0</code>\n						<label lang=\"fr\">Non</label>\n						<label lang=\"en\">No</label>',1,1,'2015-05-06 17:11:45'),(0x76B97C0746F5475795547E0E1104AFEE,'nodeRes','<code/>\n						<label lang=\"fr\"/>\n						<label lang=\"en\"/>',1,1,'2015-05-06 17:11:45'),(0xEF54835A4D3B4B7CBD9D4F0E87668150,'context','',1,1,'2015-05-06 17:11:45'),(0xDB0C75AEBF7A41198BECC166959B761B,'Item','<code>1</code>\n						<label lang=\"fr\">Oui</label>\n						<label lang=\"en\">Yes</label>',1,1,'2015-05-06 17:11:45'),(0x7A25E2BDB4ED4D79AF7611F2B4B478AD,'nodeRes','<code/>\n				<label lang=\"fr\">Parts</label>\n				<label lang=\"en\">Parts</label>',1,1,'2015-05-06 17:11:45'),(0x142140F332E4485295193F358B787B78,'context','<text lang=\"en\"/>\n				<text lang=\"fr\"/>',1,1,'2015-05-06 17:11:45'),(0x7073811819E04B989B9DF8623FCA1F4F,'nodeRes','<code/>\n					<label lang=\"fr\">txtval</label>\n					<label lang=\"en\">txtval</label>',1,1,'2015-05-06 17:11:45'),(0x1A1F4DC7488E496EB7ED3969FB17D1D0,'context','<text lang=\"en\"/>\n					<text lang=\"fr\"/>',1,1,'2015-05-06 17:11:45'),(0x85CC83B32ED6454FA81A38D6B7B1B19D,'nodeRes','<code/>\n						<label lang=\"fr\">Value</label>\n						<label lang=\"en\">Value</label>',1,1,'2015-05-06 17:11:45'),(0x0E763CB962604CC7B474A2317A617653,'context','<text lang=\"en\"/>\n						<text lang=\"fr\"/>',1,1,'2015-05-06 17:11:45'),(0x87F8639FA4484718A72B318EA1076A05,'Field','<text lang=\"fr\"/>\n						<text lang=\"en\"/>',1,1,'2015-05-06 17:11:45'),(0x3F21865DDAD8462B8F78C24A3A90FFD4,'nodeRes','<code/>\n					<label lang=\"fr\">txtsel</label>\n					<label lang=\"en\">txtsel</label>',1,1,'2015-05-06 17:11:45'),(0x09373DD576F145E9887A411DC5B9006D,'context','<text lang=\"en\"/>\n					<text lang=\"fr\"/>',1,1,'2015-05-06 17:11:45'),(0xD605FAA52D784499875F5728044B4D94,'nodeRes','<code/>\n						<label lang=\"fr\">Select</label>\n						<label lang=\"en\">Select</label>',1,1,'2015-05-06 17:11:45'),(0x62435FAA77C34AA39BE29C27BC85E7D5,'context','<text lang=\"en\"/>\n						<text lang=\"fr\"/>',1,1,'2015-05-06 17:11:45'),(0x7CF9D26BAC394AA78E3C334E64184B6C,'Field','<text lang=\"fr\"/>\n						<text lang=\"en\"/>',1,1,'2015-05-06 17:11:45'),(0x139CDF77E01B40D79092CCE6352DB0DF,'nodeRes','<code/>\n					<label lang=\"fr\">for-each-line</label>\n					<label lang=\"en\">for-each-line</label>',1,1,'2015-05-06 17:11:45'),(0xB63910F030204810A29C836857D88807,'context','<text lang=\"en\"/>\n					<text lang=\"fr\"/>',1,1,'2015-05-06 17:11:45'),(0xF162A4AF53EB482888850643AFCA54FF,'nodeRes','<code/>\n					<label lang=\"fr\">create-person</label>\n					<label lang=\"en\">create-person</label>',1,1,'2015-05-06 17:11:45'),(0x2D1B199B578545659FAEA56F3F3D453F,'context','<text lang=\"en\"/>\n					<text lang=\"fr\"/>',1,1,'2015-05-06 17:11:45'),(0xE47EA6968F2F4FE881E9E524355F81C5,'nodeRes','<code/>\n						<label lang=\"fr\">identifier</label>\n						<label lang=\"en\">identifier</label>',1,1,'2015-05-06 17:11:45'),(0xF63977E8AD92407F82C98A68C1376385,'context','<text lang=\"en\"/>\n						<text lang=\"fr\"/>',1,1,'2015-05-06 17:11:45'),(0xFD488D80232D4158BC99FDD77B92F54A,'Field','<text lang=\"fr\"/>\n						<text lang=\"en\">identifier</text>',1,1,'2015-05-06 17:11:45'),(0x0939DF6448D14610BC724BFBCFB6D0CD,'nodeRes','<code/>\n						<label lang=\"fr\">firstname</label>\n						<label lang=\"en\">firstname</label>',1,1,'2015-05-06 17:11:45'),(0xA9EE44E1680745369791F47C8E526BBA,'context','<text lang=\"en\"/>\n						<text lang=\"fr\"/>',1,1,'2015-05-06 17:11:45'),(0x6279BD0E10CA42B0B9AEB603AC155381,'Field','<text lang=\"fr\"/>\n						<text lang=\"en\">firstname</text>',1,1,'2015-05-06 17:11:45'),(0x81D11409DF0D4CDF8206282CEFDD4B41,'nodeRes','<code/>\n						<label lang=\"fr\">lastname</label>\n						<label lang=\"en\">lastname</label>',1,1,'2015-05-06 17:11:45'),(0x0487CECFF58D48ECB2174C29A5EC7B2C,'context','<text lang=\"en\"/>\n						<text lang=\"fr\"/>',1,1,'2015-05-06 17:11:45'),(0x67F17658DAB34F24B9D7BDBA1B7760E1,'Field','<text lang=\"fr\"/>\n						<text lang=\"en\">lastname</text>',1,1,'2015-05-06 17:11:45'),(0x6382507AE95B4209B731B07B82361886,'nodeRes','<code/>\n						<label lang=\"fr\">email</label>\n						<label lang=\"en\">email</label>',1,1,'2015-05-06 17:11:45'),(0x9EDF3A7BF6D84FF59A208009795DEB72,'context','<text lang=\"en\"/>\n						<text lang=\"fr\"/>',1,1,'2015-05-06 17:11:46'),(0x59EB5F248EE143B996D04568A6E1C17C,'Field','<text lang=\"fr\"/>\n						<text lang=\"en\">email</text>',1,1,'2015-05-06 17:11:46'),(0x6AF858B5557F452FBF870E01A07419F8,'nodeRes','<code/>\n						<label lang=\"fr\">password</label>\n						<label lang=\"en\">password</label>',1,1,'2015-05-06 17:11:46'),(0x94AC60F3E389491C9636F6438F1B6CD4,'context','<text lang=\"en\"/>\n						<text lang=\"fr\"/>',1,1,'2015-05-06 17:11:46'),(0xA3030F237F84417297B6825FC942DDEC,'Field','<text lang=\"fr\"/>\n						<text lang=\"en\">email</text>',1,1,'2015-05-06 17:11:46'),(0xBBD418BE31CB4430B8252FAC2BC1CEEF,'nodeRes','<code/>\n						<label lang=\"fr\">Createur ?</label>\n						<label lang=\"en\">Creator ?</label>',1,1,'2015-05-06 17:11:46'),(0xBC87B96522724ED8AFEA7EE3C9B3FD91,'context','<text lang=\"en\"/>\n						<text lang=\"fr\"/>',1,1,'2015-05-06 17:11:46'),(0x9BE394405F3C4A099FD537BEB4A44AE7,'Get_Resource','<code>804c9a50-9aa8-11e4-bccf-00215e6c3f32</code>\n						<value>0</value>\n						<label lang=\"fr\"/>\n						<label lang=\"en\">No</label>',1,1,'2015-05-06 17:11:46'),(0x85011F8376674D4E8ADAA7DACD7D58ED,'nodeRes','<code/>\n					<label lang=\"fr\">create-tree</label>\n					<label lang=\"en\">create-tree</label>',1,1,'2015-05-06 17:11:46'),(0xE3460A9AA2624D7DB930E099BB090217,'context','<text lang=\"en\"/>\n					<text lang=\"fr\"/>',1,1,'2015-05-06 17:11:46'),(0xC97B69AE01E24A618F714B79E72C5A96,'nodeRes','<code/>\n						<label lang=\"fr\">id</label>\n						<label lang=\"en\">id</label>',1,1,'2015-05-06 17:11:46'),(0xE70FF944234F4D2D9D4017F1DE8EC01B,'context','<text lang=\"en\"/>\n						<text lang=\"fr\"/>',1,1,'2015-05-06 17:11:46'),(0x70D1074E7E1F4C9EBE518F1443871BA0,'Field','<text lang=\"fr\"/>\n						<text lang=\"en\"/>',1,1,'2015-05-06 17:11:46'),(0xBC44DE11EC944FAE85169372220CEE90,'nodeRes','<code/>\n						<label lang=\"fr\">template</label>\n						<label lang=\"en\">template</label>',1,1,'2015-05-06 17:11:46'),(0x224D564878F2488FB13F4C377D0FF2F8,'context','<text lang=\"en\"/>\n						<text lang=\"fr\"/>',1,1,'2015-05-06 17:11:46'),(0x721F7D3946B840AAA5B4E5BBD5855725,'nodeRes','<code/>\n							<label lang=\"fr\">Select</label>\n							<label lang=\"en\">Select</label>',1,1,'2015-05-06 17:11:46'),(0xFEA1F462061548ECAF05D900177CFAA7,'context','<text lang=\"en\"/>\n							<text lang=\"fr\"/>',1,1,'2015-05-06 17:11:46'),(0xA6EE64FA3EBA43F8B722945B7204E037,'Field','<text lang=\"fr\"/>\n							<text lang=\"en\"/>',1,1,'2015-05-06 17:11:46'),(0x55E5E61B4F724A8A84DB81BB69025B50,'nodeRes','<code/>\n						<label lang=\"fr\">code</label>\n						<label lang=\"en\">code</label>',1,1,'2015-05-06 17:11:46'),(0xE2CA706AC7A048729405FE2EBB9EE8A2,'context','<text lang=\"en\"/>\n						<text lang=\"fr\"/>',1,1,'2015-05-06 17:11:46'),(0xB6C94176E75D4C46B4BFF26735572A8D,'nodeRes','<code/>\n						<label lang=\"fr\">label</label>\n						<label lang=\"en\">label</label>',1,1,'2015-05-06 17:11:46'),(0xDA9EE47B2350420D822BD9D82630B173,'context','<text lang=\"en\"/>\n						<text lang=\"fr\"/>',1,1,'2015-05-06 17:11:46'),(0x17A11C25FD3B4AEBABD3A8D8361E7760,'nodeRes','<code/>\n					<label lang=\"fr\">select-tree</label>\n					<label lang=\"en\">select-tree</label>',1,1,'2015-05-06 17:11:46'),(0x5AF44C63AC284F6EA19E37DC7E6BF23D,'context','<text lang=\"en\"/>\n					<text lang=\"fr\"/>',1,1,'2015-05-06 17:11:46'),(0x6EA98F17F7F64A1F9A2FB8B3F71B9D78,'nodeRes','<code/>\n						<label lang=\"fr\">id</label>\n						<label lang=\"en\">id</label>',1,1,'2015-05-06 17:11:46'),(0xE23FA21D37D34D9AB25EFAF6966B79B7,'context','<text lang=\"en\"/>\n						<text lang=\"fr\"/>',1,1,'2015-05-06 17:11:46'),(0xDF5BD9CB37E743FF9C6CA6B4E50E2580,'Field','<text lang=\"fr\"/>\n						<text lang=\"en\"/>',1,1,'2015-05-06 17:11:46'),(0xE86B5D8364894B70833EEC866762C185,'nodeRes','<code/>\n						<label lang=\"fr\">code</label>\n						<label lang=\"en\">code</label>',1,1,'2015-05-06 17:11:46'),(0xC1B7E9B8483E4B1BB13F6B02D789891B,'context','<text lang=\"en\"/>\n						<text lang=\"fr\"/>',1,1,'2015-05-06 17:11:46'),(0xCFBDC2857FBD4D74B7F957FA9ABF3299,'nodeRes','<code/>\n							<label lang=\"fr\">Select</label>\n							<label lang=\"en\">Select</label>',1,1,'2015-05-06 17:11:46'),(0xA0539DB08D9A4280A3EF04625FACF707,'context','<text lang=\"en\"/>\n							<text lang=\"fr\"/>',1,1,'2015-05-06 17:11:46'),(0x6490060BF5B7454E9652148077C9C0C1,'Field','<text lang=\"fr\"/>\n							<text lang=\"en\"/>',1,1,'2015-05-06 17:11:46'),(0x83C18C13B97D4E2F922A2CA2BDDD6665,'nodeRes','<code/>\n					<label lang=\"fr\">share-tree</label>\n					<label lang=\"en\">share-tree</label>',1,1,'2015-05-06 17:11:46'),(0xD54C506FCD1C45839A5C8DDF6601AB8A,'context','<text lang=\"en\"/>\n					<text lang=\"fr\"/>',1,1,'2015-05-06 17:11:46'),(0xF665068CD0F64A969E14A5E941E2EC3F,'nodeRes','<code/>\n						<label lang=\"fr\">Tree select</label>\n						<label lang=\"en\">Tree select</label>',1,1,'2015-05-06 17:11:46'),(0xEFF12506A44942779DA05780C0518074,'context','<text lang=\"en\"/>\n						<text lang=\"fr\"/>',1,1,'2015-05-06 17:11:46'),(0xB5454FFCA5184F17AFC9A7939C998942,'Get_Resource','<code/>\n						<value/>\n						<label lang=\"fr\"/>\n						<label lang=\"en\"/>',1,1,'2015-05-06 17:11:46'),(0x89A5F843250A4F43BEA2A4D05C2E75ED,'nodeRes','<code/>\n						<label lang=\"fr\">Person</label>\n						<label lang=\"en\">Person</label>',1,1,'2015-05-06 17:11:46'),(0x027F2E5D7F984C599A4FF560AFDBC2B0,'context','<text lang=\"en\"/>\n						<text lang=\"fr\"/>',1,1,'2015-05-06 17:11:46'),(0xED94AC4967DF401499D1968C72813C2E,'nodeRes','<code/>\n							<label lang=\"fr\">Select</label>\n							<label lang=\"en\">Select</label>',1,1,'2015-05-06 17:11:46'),(0xB44B799B8169484D90FA38EB68A08B55,'context','<text lang=\"en\"/>\n							<text lang=\"fr\"/>',1,1,'2015-05-06 17:11:46'),(0xD15F5BF9106349DAA57DDCAFCC6EBA66,'Field','<text lang=\"fr\"/>\n							<text lang=\"en\"/>',1,1,'2015-05-06 17:11:46'),(0x27CDB3405B4F41088B248A0366791CB1,'nodeRes','<code/>\n						<label lang=\"fr\">Role</label>\n						<label lang=\"en\">Role</label>',1,1,'2015-05-06 17:11:46'),(0x39EC3FB44E03457C98C3B55AC70D2904,'context','<text lang=\"en\"/>\n						<text lang=\"fr\"/>',1,1,'2015-05-06 17:11:46'),(0x696CA84AEAF2458B9103EB388F44AEC2,'nodeRes','<code/>\n							<label lang=\"fr\">Select</label>\n							<label lang=\"en\">Select</label>',1,1,'2015-05-06 17:11:46'),(0x5379886F59E943EFB460780D24836CC2,'context','<text lang=\"en\"/>\n							<text lang=\"fr\"/>',1,1,'2015-05-06 17:11:47'),(0xC5F5357B599F4D5E8B143A0121DFC91B,'Field','<text lang=\"fr\"/>\n							<text lang=\"en\"/>',1,1,'2015-05-06 17:11:47'),(0x9515DC00EAAD41FE9EB54A5F849485B7,'nodeRes','<code/>\n					<label lang=\"fr\">update-field</label>\n					<label lang=\"en\">update-field</label>',1,1,'2015-05-06 17:11:47'),(0xC2B709DA0418459487C50962000FAC11,'context','<text lang=\"en\"/>\n					<text lang=\"fr\"/>',1,1,'2015-05-06 17:11:47'),(0xE7EDF5E952BE4AE0B916C67D43F620B3,'nodeRes','<code/>\n						<label lang=\"fr\">Select</label>\n						<label lang=\"en\">Select</label>',1,1,'2015-05-06 17:11:47'),(0x85DE39DD072440CDBC903A16BA6A0058,'context','<text lang=\"en\"/>\n						<text lang=\"fr\"/>',1,1,'2015-05-06 17:11:47'),(0x3C7634BC72974FC592BFA745D696B7AD,'Field','<text lang=\"fr\"/>\n						<text lang=\"en\"/>',1,1,'2015-05-06 17:11:47'),(0xC51F56ED64FB4371A2ADEFCB7EAF7F84,'nodeRes','<code/>\n						<label lang=\"fr\">Text</label>\n						<label lang=\"en\">Text</label>',1,1,'2015-05-06 17:11:47'),(0xE3C619F7DF2341DAB3D569D62010EBC6,'context','<text lang=\"en\"/>\n						<text lang=\"fr\"/>',1,1,'2015-05-06 17:11:47'),(0x20679AC2450548879D7CFA5D1FE0CC69,'nodeRes','<code/>\n					<label lang=\"fr\">update-proxy</label>\n					<label lang=\"en\">update-proxy</label>',1,1,'2015-05-06 17:11:47'),(0x1BE7E8F692274482BAF2415CBD5A76AF,'context','<text lang=\"en\"/>\n					<text lang=\"fr\"/>',1,1,'2015-05-06 17:11:47'),(0xB370A72B682B42599FDF8B4582951D63,'nodeRes','<code/>\n						<label lang=\"fr\">Proxy-Select</label>\n						<label lang=\"en\">Proxy-Select</label>',1,1,'2015-05-06 17:11:47'),(0x0067A848F1B64AADBF6FBF6469E576C1,'context','<text lang=\"en\"/>\n						<text lang=\"fr\"/>',1,1,'2015-05-06 17:11:47'),(0xFB884D396131482AB4A3AC230E49A9F0,'Field','<text lang=\"fr\"/>\n						<text lang=\"en\"/>',1,1,'2015-05-06 17:11:47'),(0x9D866B47FAC74B37B70BAC595148AF13,'nodeRes','<code/>\n						<label lang=\"fr\">Source-select</label>\n						<label lang=\"en\">Source-select</label>',1,1,'2015-05-06 17:11:47'),(0x9E40E67792964D27A2B735DD44C50DCF,'context','<text lang=\"en\"/>\n						<text lang=\"fr\"/>',1,1,'2015-05-06 17:11:47'),(0xE0425905E06A45E8A4CDB6E3B41DFB7A,'Field','<text lang=\"fr\"/>\n						<text lang=\"en\"/>',1,1,'2015-05-06 17:11:47'),(0xCD43A4B53F594F4D8F8465E1CBE1B534,'nodeRes','<code/>\n  <label lang=\"fr\">delete-tree</label>\n  <label lang=\"en\">delete-tree</label>',1,1,'2015-05-06 17:11:47'),(0xE362F9AE40584C0081864AAEA4527693,'context','<text lang=\"en\"/>\n  <text lang=\"fr\"/>',1,1,'2015-05-06 17:11:47'),(0xFBD667D1D6224CE5BD619A23795950AD,'nodeRes','<code/>\n  <label lang=\"fr\">code</label>\n  <label lang=\"en\">Code</label>',1,1,'2015-05-06 17:11:47'),(0xDCEC300D534B4897B1BE58600590C169,'context','<text lang=\"en\"/>\n  <text lang=\"fr\"/>',1,1,'2015-05-06 17:11:47'),(0x092F0C3FB26D405D859C80558DEEB679,'nodeRes','<code>_karuta_batch_model_</code>\n  <label lang=\"en\">_karuta_batch_model_v1.1</label>\n  <label lang=\"fr\">_karuta_batch_model_v1.1</label>',1,1,'2015-05-06 17:11:56'),(0x4E198046506A47C08B28D97AE3B84E1B,'context','<text lang=\"fr\"/>\n  <text lang=\"en\"/>',1,1,'2015-05-06 17:11:56'),(0x286E2A7D27D843FBA414932E71DD929A,'nodeRes','<code/>\n  <label lang=\"fr\"/>\n  <label lang=\"en\">Version</label>',1,1,'2015-05-06 17:11:56'),(0xE065CD78BEF64985B33F3008CE313ACC,'context','<text lang=\"en\"/>\n  <text lang=\"fr\"/>',1,1,'2015-05-06 17:11:56'),(0x0EBD07F09F7B4679B117DAB4A0A47C57,'Field','<text lang=\"fr\"/>\n  <text lang=\"en\"/>',1,1,'2015-05-06 17:11:56'),(0xA5D2757BB63B4ABC83BE6EB0ABF72D2F,'nodeRes','<code/>\n				<label lang=\"fr\">Description</label>\n				<label lang=\"en\">Description</label>',1,1,'2015-05-06 17:11:56'),(0x74974A8FD13341699943ABC2025EBCC2,'context','<text lang=\"en\"/>\n				<text lang=\"fr\"/>',1,1,'2015-05-06 17:11:56'),(0xCA5A1FFE15174022BF07B0CCF368CFDD,'TextField','<text lang=\"fr\">Création&lt;br&gt;- usager&lt;br&gt;-\n					profile&lt;br&gt;- portfolio&lt;br&gt;- cv</text>\n				<text lang=\"en\"/>',1,1,'2015-05-06 17:11:56'),(0xC31B3A8CA6F847CB9E9E8E9213E205CA,'nodeRes','<code/>\n				<label lang=\"fr\">Fichier CVS associé (optionel)</label>\n				<label lang=\"en\">Associated CVS File (optional)</label>',1,1,'2015-05-06 17:11:56'),(0x1E5717F9EE694FDA9EAAB5A9A882731A,'context','<text lang=\"en\"/>\n				<text lang=\"fr\"/>',1,1,'2015-05-06 17:11:56'),(0x96B27442827C49179FAA9B6123B6DDFA,'Document','<filename lang=\"fr\">IUT2_batch_creer.csv</filename>\n				<size lang=\"fr\">420</size>\n				<type lang=\"fr\">text/csv</type>\n				<fileid lang=\"fr\">fbba1af1-7b23-43f4-be19-22624dfa7504</fileid>\n				<filename lang=\"en\"/>\n				<size lang=\"en\"/>\n				<type lang=\"en\"/>\n				<fileid lang=\"en\"/>',1,1,'2015-05-06 17:11:56');
UNLOCK TABLES;

